repo_name,file,commit,is_corrective,is_refactor
256dpi/fire,nitro/server.go,61935ab938d35eb227c5a765d687b294e502e066,true,false
42wim/matterbridge,vendor/github.com/matterbridge/gozulipbot/version.go,77f61ee20a51c5da60ad75c4c18fdf95bba02932,true,false
42wim/matterbridge,bridge/msteams/msteams.go,b1f403165d6df6af1010ab49305a5968a8a8c4b6,true,false
42wim/matterbridge,bridge/xmpp/xmpp.go,c4fe462d11c9949c9132e65fd9bf40a71c38d61c,true,false
Azure/azure-sdk-for-go,eng/scripts/automation_init.sh,c0e38123fe44c66e19ecf471bc75dd2734ab54a7,true,false
DataDog/datadog-go,go.mod,4c9b2a494f14ab62309ad16a6b6dc4b85e46fd1e,true,false
DataDog/datadog-go,go.sum,4c9b2a494f14ab62309ad16a6b6dc4b85e46fd1e,true,false
DataDog/datadog-go,statsd/statsd_benchmark_test.go,4c9b2a494f14ab62309ad16a6b6dc4b85e46fd1e,true,false
GoogleCloudPlatform/buildpacks,builders/gcf/go111/acceptance/acceptance_test.go,00cedca653a2eba7c4235cc4776a0a5ddc4258aa,true,true
GoogleCloudPlatform/buildpacks,cmd/go/legacy_worker/BUILD.bazel,00cedca653a2eba7c4235cc4776a0a5ddc4258aa,true,true
GoogleCloudPlatform/buildpacks,cmd/go/legacy_worker/converter/worker/gomod.tmpl,00cedca653a2eba7c4235cc4776a0a5ddc4258aa,true,true
GoogleCloudPlatform/buildpacks,cmd/go/legacy_worker/main.go,00cedca653a2eba7c4235cc4776a0a5ddc4258aa,true,true
GoogleCloudPlatform/buildpacks,cmd/go/legacy_worker/main_test.go,00cedca653a2eba7c4235cc4776a0a5ddc4258aa,true,true
GoogleCloudPlatform/buildpacks,builders/gcf/go116/acceptance/acceptance_test.go,537dc1f9157477db4725ab16e26c78e6f7ab72c8,true,false
GoogleCloudPlatform/buildpacks,cmd/go/functions_framework/main.go,537dc1f9157477db4725ab16e26c78e6f7ab72c8,true,false
GoogleCloudPlatform/cloudsql-proxy,proxy/fuse/fuse.go,10f2133010f3bf7ef8a13b43e0bfa16bdca8cedb,true,true
GoogleCloudPlatform/esp-v2,src/go/configgenerator/cluster_generator.go,3992dc403d0d5e986dcb3f8e4c1072ddd08e09c5,false,true
GoogleCloudPlatform/esp-v2,src/go/configgenerator/cluster_generator_test.go,3992dc403d0d5e986dcb3f8e4c1072ddd08e09c5,false,true
GoogleCloudPlatform/esp-v2,src/go/configmanager/testdata/test_fixed_mode_dynamic_routing.go,3992dc403d0d5e986dcb3f8e4c1072ddd08e09c5,false,true
GoogleCloudPlatform/guest-agent,google_metadata_script_runner/main_test.go,d3fcfe3100e2c2aeef0d01b4d641b02751f30231,true,false
GoogleCloudPlatform/opentelemetry-operations-go,exporter/metric/constants.go,3f0fb5b4d4cc817f45b4ecd55e03cfab9f57694a,true,false
GoogleCloudPlatform/ops-agent,confgenerator/testdata/valid/linux/logging-receiver_apache/golden_fluent_bit_main.conf,e61ea8265c5676f35f712fd4f6f021748b9a503b,true,false
GoogleCloudPlatform/ops-agent,confgenerator/testdata/valid/linux/logging-receiver_apache/golden_fluent_bit_parser.conf,e61ea8265c5676f35f712fd4f6f021748b9a503b,true,false
GoogleCloudPlatform/ops-agent,confgenerator/testdata/valid/linux/logging-receiver_apache/golden_otel.conf,e61ea8265c5676f35f712fd4f6f021748b9a503b,true,false
GoogleCloudPlatform/ops-agent,confgenerator/testdata/valid/linux/logging-receiver_apache/input.yaml,e61ea8265c5676f35f712fd4f6f021748b9a503b,true,false
GoogleCloudPlatform/ops-agent,docs/apache.md,e61ea8265c5676f35f712fd4f6f021748b9a503b,true,false
GoogleCloudPlatform/ops-agent,integration_test/third_party_apps_data/applications/apache/exercise,e61ea8265c5676f35f712fd4f6f021748b9a503b,true,false
GoogleCloudPlatform/ops-agent,integration_test/third_party_apps_data/applications/apache/expected_logs.yaml,e61ea8265c5676f35f712fd4f6f021748b9a503b,true,false
GoogleCloudPlatform/ops-agent,integration_test/third_party_apps_data/applications/apache/metric_name.txt,e61ea8265c5676f35f712fd4f6f021748b9a503b,true,false
GoogleCloudPlatform/ops-agent,BUILD_CONFIG,ee6119ee4b27fecf7a9ed68235f237b651ff6549,true,false
GoogleCloudPlatform/ops-agent,Dockerfile.windows,ee6119ee4b27fecf7a9ed68235f237b651ff6549,true,false
GoogleCloudPlatform/spark-on-k8s-operator,pkg/webhook/patch.go,a2e74612965d87374438f368bbb94c51509eec42,true,false
GoogleCloudPlatform/terraform-google-conversion,google/batcher.go,65deabbd67e3fa986009e6d9c817a26a967cc01c,true,false
GoogleCloudPlatform/terraformer,terraformutils/hcl.go,438a23ce8aa1e6b4942c4456a5e82e2c319d0b01,true,true
GoogleCloudPlatform/terraformer,providers/pagerduty/ruleset.go,a5082c5e461c5b236db884e759e6d8b5356ec5bd,true,false
GoogleContainerTools/kaniko,hack/install_golint.sh,badd66506d2dea4c2954ad24e5241a01497d5b29,true,false
GoogleContainerTools/kaniko,pkg/image/remote/remote.go,ee31dc93b61c36d613a8ec056eeb12f11a7b3634,true,false
GoogleContainerTools/skaffold,pkg/skaffold/deploy/kpt/kpt_test.go,22767489234711fae3e0ed92f8ee23c2c42cf206,true,false
GoogleContainerTools/skaffold,pkg/skaffold/kubernetes/portforward/kubectl_forwarder.go,719a8901c299180fd1d0d70830c271201925601e,true,false
GoogleContainerTools/skaffold,pkg/skaffold/kubernetes/portforward/kubectl_forwarder_test.go,719a8901c299180fd1d0d70830c271201925601e,true,false
GoogleContainerTools/skaffold,hack/versions/cmd/new/templates/upgrade.template,84f687f5ffc8eae59f541d545144726fda4dfc4d,true,false
GoogleContainerTools/skaffold,hack/versions/cmd/new/templates/upgrade_test.template,84f687f5ffc8eae59f541d545144726fda4dfc4d,true,false
GoogleContainerTools/skaffold,hack/versions/cmd/new/version.go,84f687f5ffc8eae59f541d545144726fda4dfc4d,true,false
GoogleContainerTools/skaffold,pkg/skaffold/build/scheduler.go,86da7e7a29983db0a9978a979dbe4d0df9736a2c,true,false
GoogleContainerTools/skaffold,pkg/skaffold/build/scheduler_test.go,86da7e7a29983db0a9978a979dbe4d0df9736a2c,true,false
Jguer/yay,query.go,1a0cfd85f24091c263a19ac9f7f3bab36218e21a,true,false
Jguer/yay,clean.go,2218e059813ee132fda2c33bfa5dd85faedda983,true,false
MyHomeworkSpace/api-server,mit/parse.go,cdb3f3dc4b222cc8aa46b77c17655834ca84f4a4,true,false
NetApp/trident,operator/controllers/orchestrator/controller.go,bf43f887cc0ab43c0efd493ac451f050340aeac8,true,false
Psiphon-Labs/psiphon-tunnel-core,Server/logging/analysis/analysis.go,654573c32867f356a8db36a6faf15543e4e9e8a6,true,false
PufferPanel/PufferPanel,client/src/lang/en_US/servers.json,952e148c445793a5704e0a963faed569d9a7cd41,true,false
PufferPanel/PufferPanel,client/src/views/AddServer.vue,952e148c445793a5704e0a963faed569d9a7cd41,true,false
ThomasHabets/cmdg,pkg/display/screen.go,ceebb8699b9e3b5bcf4ab569a2b8c9eade44f946,true,false
ThomasHabets/cmdg,pkg/display/screen_test.go,ceebb8699b9e3b5bcf4ab569a2b8c9eade44f946,true,false
admpub/nging,vendor/github.com/webx-top/com/url.go,16417e54790ccebf2ca2c20eb230b1ee4f4681bf,false,true
admpub/nging,application/dbschema/NgingUser.go,4f65e25f564551aa895d161d6afbe2abee8c603e,true,false
admpub/nging,config/install.sql,4f65e25f564551aa895d161d6afbe2abee8c603e,true,false
admpub/nging,vendor/github.com/admpub/gohls/pkg/pkg.go,8c4ea7e1b5199d98476c8db4d56741ef6812c9fa,false,true
admpub/nging,application/registry/navigate/navigate.go,f1da6068ec2267adc791a4268de7bbb819be463a,false,true
admpub/nging,application/version/dbschema.go,f257e10840fb647dedfb53a00682015b26dbe996,true,false
adshao/go-binance,v2/exchange_info_service_test.go,7ef52655a5e54e1cde38d3120290712edd0e5e73,true,false
alecthomas/participle,error.go,4b8df9628d3e6e8a923e8b93d62c0bb3dbce7fb5,true,false
alecthomas/participle,.golangci.yml,a8c88976b697228c580a56a87ccee877e0c35f1a,true,false
alecthomas/participle,parser.go,a8c88976b697228c580a56a87ccee877e0c35f1a,true,false
alecthomas/participle,README.md,c321d39d8829155b85ba7c267584a77e6d44c2b3,true,false
alecthomas/participle,lexer/doc.go,c321d39d8829155b85ba7c267584a77e6d44c2b3,true,false
anacrolix/torrent,peer_protocol/int.go,c18e0abe526d6926d18edb0250fbb32a2a0269f7,true,false
ansible-semaphore/semaphore,web2/src/router/index.js,9db447ccf02a3c6686fbfa2a753ddff5c5c288ae,true,false
apigee/apigee-remote-service-envoy,iam/google/google.go,2f58ebe9ea436e027ccf9fbe00812c7037f41b1e,false,true
apigee/apigee-remote-service-envoy,iam/google/google_test.go,2f58ebe9ea436e027ccf9fbe00812c7037f41b1e,false,true
arangodb/go-driver,v2/arangodb/utils.go,07d77b8efe3092b1b828385b3afa4433e97f4389,true,false
arangodb/go-driver,CHANGELOG.md,9f94677173edb08fd7e1cfbc60618a2479a0677a,true,false
arangodb/go-driver,v2/connection/call.go,9f94677173edb08fd7e1cfbc60618a2479a0677a,true,false
bazelbuild/bazel-watcher,ibazel/main.go,8596f0c8dd9608ea6e900eeef001461474b41b16,true,false
bazelbuild/buildtools,.bazelci/presubmit.yml,41c688d91c01176b12aa385cff57ef9afae546a1,true,false
bazelbuild/buildtools,launcher.js,41c688d91c01176b12aa385cff57ef9afae546a1,true,false
bazelbuild/remote-apis-sdks,go/pkg/fakes/exec.go,5982a8ee418904498e21f47d95c5a000fd4a899f,true,false
bazelbuild/remote-apis-sdks,go/pkg/fakes/server.go,eddee6820c53fb8bdd580e9d4f6a9f354beb3fb8,true,false
btcsuite/btcwallet,wallet/psbt.go,5f2c12c1ccc9622dbbc99c931ea4162eb35390d4,true,false
btcsuite/btcwallet,wallet/psbt_test.go,5f2c12c1ccc9622dbbc99c931ea4162eb35390d4,true,false
cenkalti/rain,internal/peer/peer.go,90abbb929d1704b1beeb6407da4f53c2b2e089a5,true,false
ceph/go-ceph,internal/cutil/ptrguard.go,3210885d21f90a1c266584fcc3bc37d0ba60b574,false,true
ceph/go-ceph,contrib/implements/internal/implements/cast.go,97630486ee61189338c417305b753799b5111e71,true,false
chrislusf/seaweedfs,weed/util/chunk_cache/on_disk_cache_layer.go,8965a53c4dff019f719b9818800e78c6e7c4648a,true,false
chrislusf/seaweedfs,weed/topology/data_node.go,8a663060640a499f8a37a7f60e3a7c5a2f95fe05,true,false
chrislusf/seaweedfs,weed/operation/assign_file_id.go,e6ef7b238793901ac2603d5adfb5383b0a3e9846,true,false
cloudspannerecosystem/harbourbridge,frontend/js/components/ConnectToDbForm/ConnectToDbForm.component.js,db13e42fe036b28e4a8717a37cd77d806be2595d,true,false
coredns/coredns,plugin/pkg/cache/cache.go,4a7565ff63730639a6607dbbad0410fd85a66049,true,false
couchbase/cbgt,rebalance/rebalance.go,4a827ddb25195c459e1e9e722636df6d1fa558fa,true,false
datacommonsorg/mixer,test/integration/golden_response/get_stat_set_series/weather.json,6ccccdb2f3a0f6de815e40a20e86edf2d63d709b,true,false
decred/dcrd,go.mod,0076cea6ff3fc172fbced6907657bfcfffc886f7,true,false
decred/dcrd,peer/go.mod,0076cea6ff3fc172fbced6907657bfcfffc886f7,true,false
decred/dcrd,peer/go.sum,0076cea6ff3fc172fbced6907657bfcfffc886f7,true,false
decred/dcrd,peer/peer.go,0076cea6ff3fc172fbced6907657bfcfffc886f7,true,false
decred/dcrd,cmd/findcheckpoint/findcheckpoint.go,1096c2946aa0a8b6c1b8d51a446eaefb4eee9cd2,true,false
decred/dcrd,blockchain/stake/tickets.go,8fd2406b11fb0a6c9a70b293b3ffa01c5d7e4b5d,true,false
decred/dcrd,blockchain/validate_test.go,8fd2406b11fb0a6c9a70b293b3ffa01c5d7e4b5d,true,false
digitalocean/doctl,doit_test.go,085f3c69d4544ddd2f8c8a48edce821c97ee67ba,true,false
dop251/goja,date.go,00bb30d1257353b5e27f78795d19d71390319b9e,true,false
dop251/goja,date_test.go,00bb30d1257353b5e27f78795d19d71390319b9e,true,false
driskell/log-courier,lc-lib/event/stream.go,b5a0d1506380d5f6778909dc4e823b19f61b3b09,true,false
driskell/log-courier,.bundle/config,fd371017c86d3618bc5332d0e8c106e9f57778f2,true,false
drud/ddev,containers/ddev-webserver/Dockerfile,c9d1c2dff1484ef28f7516518d78ac7aa5013cbf,true,false
drud/ddev,pkg/ddevapp/wordpress.go,fb8045bf626ac70bb33c4532c6483012a9b90fd1,true,false
elves/elvish,pkg/daemon/activate.go,4f63beab1750b8a71c9fc8825403c7cb50720a83,true,false
elves/elvish,pkg/edit/builtins.go,64b52d08aa877c41214ac4ae7f0a133630e794f4,true,false
elves/elvish,pkg/prog/prog.go,a25809893e00d423bfb05c2e50c96ee0a69ed251,false,true
ethereum/go-ethereum,common/hexutil/hexutil.go,2954f40eac5c15e09085c47f135e6628ade6a822,false,true
ethereum/go-ethereum,common/hexutil/hexutil_test.go,2954f40eac5c15e09085c47f135e6628ade6a822,false,true
ethereum/go-ethereum,build/checksums.txt,2fe0c65f4b80f47058628c90be54058d5a1462f5,true,false
ethereum/go-ethereum,core/state/snapshot/generate.go,312e02bca9e7968df41da3caa76295901bf74eb0,true,false
ethereum/go-ethereum,cmd/evm/testdata/18/README.md,52c02ccb1f2a1a9b13e6b6b638729b18480b350a,true,false
ethereum/go-ethereum,cmd/evm/testdata/18/invalid.rlp,52c02ccb1f2a1a9b13e6b6b638729b18480b350a,true,false
ethereum/go-ethereum,accounts/abi/bind/base_test.go,79b727bc8aa19a70c0735141e60da003d3624472,true,true
ethereum/go-ethereum,internal/jsre/completion.go,a6a0609b058e1a574abdee821eeeb02b324ee022,true,false
ethereum/go-ethereum,eth/fetcher/tx_fetcher.go,b97f57882c146cf1299a59fde9b41aeb786c4790,true,false
ethereum/go-ethereum,core/genesis.go,c72b16c34087feb7f96a7a37a43fe48a790147f1,true,false
ethereum/go-ethereum,core/genesis_test.go,c72b16c34087feb7f96a7a37a43fe48a790147f1,true,false
ethereum/go-ethereum,les/fetcher_test.go,c72b16c34087feb7f96a7a37a43fe48a790147f1,true,false
ethereum/go-ethereum,eth/handler_eth_test.go,ee120ef865e9468fef0bbb0a0bcffba93e3e358e,true,false
ethereum/go-ethereum,core/state/snapshot/snapshot.go,f915f6873f725b338dc95f0a8add7875af0de912,true,false
ethereum/go-ethereum,core/state/snapshot/snapshot_test.go,f915f6873f725b338dc95f0a8add7875af0de912,true,false
gdamore/tcell,tscreen.go,62f5502f7ba4f80f814f04f6fe2b07a5e25b38b0,true,true
gin-gonic/gin,routes_test.go,1c2aa59b20c8cff5b3c601708afe22100eac25e6,true,false
go-delve/delve,_fixtures/testvariables2.go,0baf3b7cf1d67e510f968af5b7270114a9c0f4c2,true,false
go-delve/delve,pkg/proc/eval.go,bdcbcc68366980a0347eef8eb3fa959ab6ac3f2b,true,false
go-gitea/gitea,templates/repo/clone_buttons.tmpl,0208ea0248782a994771cadf0af6a4125fdde723,true,false
go-gitea/gitea,templates/repo/issue/view_title.tmpl,0208ea0248782a994771cadf0af6a4125fdde723,true,false
go-gitea/gitea,services/mirror/mirror_pull.go,053b2f4dce2c404bcd7cb828147deb4b99ab71e6,true,false
go-gitea/gitea,models/review.go,25a200078724443afba3eca772d5c7e4db0a83cf,true,false
go-gitea/gitea,modules/ssh/ssh.go,35b918f574464eeca89fcf0d5f3a07a58a4b5a38,true,true
go-gitea/gitea,modules/graceful/server.go,429258cff3f5ff6ef94ae33c587f2d899c40b4c1,true,false
go-gitea/gitea,models/gpg_key_add.go,46cac263ca9f350fbc414b795e42f79d4d241e28,true,false
go-gitea/gitea,modules/markup/html.go,6c49517cbd9d353d2d56d899632f301919818a03,true,false
go-gitea/gitea,modules/markup/html_internal_test.go,6c49517cbd9d353d2d56d899632f301919818a03,true,false
go-gitea/gitea,build/generate-images.js,82bf564168083a8322a440747f77759ffbf194df,false,true
go-gitea/gitea,modules/csv/csv_test.go,8f9ac439cae544a7bad3acfba2fdd08f84c75ba8,true,false
go-gitea/gitea,templates/repo/wiki/new.tmpl,a462fcaac8825e992c99e3298a28c649682c0c92,true,false
go-gitea/gitea,modules/convert/user.go,af96286f2254c1e073394aae0f18b132f07b38ad,true,true
goadesign/goa,expr/result_type.go,195dc820fedfe07499ea1290978cea50b2d6fc6c,true,false
gohugoio/hugo,.circleci/config.yml,625d2c257a8284515922f2235b9abf9ad28cc907,true,false
gohugoio/hugo,goreleaser-hook-post-linux.sh,625d2c257a8284515922f2235b9abf9ad28cc907,true,false
gohugoio/hugo,goreleaser.yml,625d2c257a8284515922f2235b9abf9ad28cc907,true,false
gohugoio/hugo,docs/content/en/hugo-pipes/postcss.md,64abc83fc4b70c70458c582ae2cf67fc9c67bb3f,true,false
gohugoio/hugo,resources/resource_transformers/postcss/postcss.go,64abc83fc4b70c70458c582ae2cf67fc9c67bb3f,true,false
gohugoio/hugo,resources/transform.go,9830ca9e319f6ce313f4e542a202bd0d0469a9ed,true,false
gohugoio/hugo,releaser/git.go,d7331aaa7ec8d314764a270edf970db71c4a3011,true,false
gohugoio/hugo,releaser/git_test.go,d7331aaa7ec8d314764a270edf970db71c4a3011,true,false
gohugoio/hugo,tpl/path/path.go,e55466ce70363418309d465a0f2aa6c7ada1e51d,true,false
gohugoio/hugo,tpl/path/path_test.go,e55466ce70363418309d465a0f2aa6c7ada1e51d,true,false
gokcehan/lf,nav.go,f01fab6257864aeb3a305f681580edda90a79ce4,true,false
gonum/gonum,lapack/gonum/dlag2.go,b2a0043a313e1b9132ef535d6855bde090585e71,false,true
gonum/gonum,lapack/testlapack/dlag2.go,b2a0043a313e1b9132ef535d6855bde090585e71,false,true
google/agi,core/os/device/deviceinfo/cc/query.h,ab86327b9f9e2fc80517dbbf2559f810d1dbf2f3,true,false
google/agi,gapir/cc/cached_resource_loader.cpp,ab86327b9f9e2fc80517dbbf2559f810d1dbf2f3,true,false
google/certificate-transparency-go,trillian/migrillian/core/controller.go,37f29bf2f81c346b161dc944edf3faa29e78fc1b,true,false
google/exposure-notifications-verification-server,pkg/controller/flash/flash.go,0beb74521e8582af843347cd05a5882ba448757a,true,false
google/exposure-notifications-verification-server,pkg/controller/flash/flash_test.go,0beb74521e8582af843347cd05a5882ba448757a,true,false
google/go-containerregistry,pkg/v1/layout/image.go,9ae11fe20941660c625fdaf49d40fa88cc90da84,true,false
google/go-containerregistry,pkg/v1/layout/image_test.go,9ae11fe20941660c625fdaf49d40fa88cc90da84,true,false
google/go-containerregistry,pkg/v1/layout/testdata/test_index_media_type/blobs/sha256/b544f71ecd82372bc9a3c0dbef378abfd2734fe437df81ff6e242a0d720d8e3e,9ae11fe20941660c625fdaf49d40fa88cc90da84,true,false
google/go-containerregistry,pkg/v1/layout/testdata/test_index_media_type/blobs/sha256/ca3d163bab055381827226140568f3bef7eaac187cebd76878e0b63e9e442356,9ae11fe20941660c625fdaf49d40fa88cc90da84,true,false
google/go-containerregistry,pkg/v1/layout/testdata/test_index_media_type/blobs/sha256/dc52c6e48a1d51a96047b059f16889bc889c4b4c28f3b36b3f93187f62fc0b2b,9ae11fe20941660c625fdaf49d40fa88cc90da84,true,false
google/go-containerregistry,pkg/v1/layout/testdata/test_index_media_type/index.json,9ae11fe20941660c625fdaf49d40fa88cc90da84,true,false
google/go-containerregistry,pkg/v1/layout/testdata/test_index_media_type/oci-layout,9ae11fe20941660c625fdaf49d40fa88cc90da84,true,false
google/go-github,github/actions_artifacts.go,d9d58a291646c518bda16c3effeea81a489dec42,true,false
google/go-github,github/users_packages.go,eb6fd34253c406a5663e21f4c2ce7870c34ee6ea,true,false
google/go-github,github/users_packages_test.go,eb6fd34253c406a5663e21f4c2ce7870c34ee6ea,true,false
google/gvisor,pkg/tcpip/stack/conntrack_test.go,03bc93d2b82045fc44102d0f40a208f97db16479,true,false
google/gvisor,pkg/sentry/vfs/epoll.go,09a42f9976403e6842a291b49ac2ab3319a5d02e,true,false
google/gvisor,pkg/tcpip/tests/utils/utils.go,3015c0ac67ef7703899e753121efe326dc0cbecd,true,false
google/gvisor,pkg/tcpip/transport/tcp/accept.go,6c1237da03bf52d51284e15e6c6c2b6776cd7da6,true,false
google/gvisor,pkg/sentry/platform/kvm/kvm.go,710e51372dc822501769d700531ec6f0f81221e6,true,false
google/gvisor,pkg/abi/attestation/BUILD,8b2e8caad400fd3e7d3e4e235d26dd2d556bf65c,false,true
google/gvisor,pkg/abi/attestation/attestation.go,8b2e8caad400fd3e7d3e4e235d26dd2d556bf65c,false,true
google/gvisor,runsc/config/flags.go,b928a241efc838d378d531ba2446e8611d95c1ac,true,false
google/gvisor,runsc/container/container_test.go,b928a241efc838d378d531ba2446e8611d95c1ac,true,false
google/gvisor,test/runner/main.go,b928a241efc838d378d531ba2446e8611d95c1ac,true,false
google/simhospital,pkg/hl7/parser.go,95cd9814cb5b6acd2fd30017547576a4c5801bb7,true,false
google/syzkaller,prog/decodeexec.go,620352409e47ec27a68a97e08b5786e27035ce31,true,false
google/syzkaller,prog/encodingexec_test.go,620352409e47ec27a68a97e08b5786e27035ce31,true,false
google/syzkaller,pkg/csource/csource.go,65c1bd6430f500cfdfea651ea482b761da215e69,true,false
google/syzkaller,pkg/host/features.go,6e0b5a7b21511f4ad998e5ba8e583fbb190fe47b,true,false
google/syzkaller,pkg/report/linux.go,c8823b7eb4f2349bc37d14741fbfe734648fce02,true,false
google/syzkaller,pkg/report/testdata/linux/report/622,c8823b7eb4f2349bc37d14741fbfe734648fce02,true,false
google/syzkaller,pkg/report/testdata/linux/report/623,c8823b7eb4f2349bc37d14741fbfe734648fce02,true,false
google/syzkaller,pkg/report/openbsd.go,ce697b49e30d07d5c08d0849410efc8797f1cb66,false,true
google/syzkaller,pkg/report/testdata/openbsd/report/21,ce697b49e30d07d5c08d0849410efc8797f1cb66,false,true
googleapis/api-linter,rules/aip0126/unspecified.go,68383c26e3c4e1c68fa6249035c07821b0234762,true,false
googleapis/api-linter,rules/aip0126/unspecified_test.go,68383c26e3c4e1c68fa6249035c07821b0234762,true,false
googleapis/api-linter,rules/aip0203/optional_consistency.go,a302ca795c9270d8a3ab81e260247157785ce11f,true,false
googleapis/api-linter,rules/aip0203/optional_consistency_test.go,a302ca795c9270d8a3ab81e260247157785ce11f,true,false
googleapis/api-linter,rules/aip0135/aip0135.go,ab973ebd8e6765bdadff45efa8f71e0b95bb2104,true,false
googleapis/api-linter,rules/internal/utils/http.go,b850a4b44b5d051d2586babd577a2e0548a18643,true,false
googleapis/api-linter,rules/internal/utils/http_test.go,b850a4b44b5d051d2586babd577a2e0548a18643,true,false
googleapis/api-linter,.github/release-tool/changelog.go,e3225aa06158e8aadde6f1c6c230370682936368,true,false
googleapis/gapic-generator-go,internal/gencli/gencli.go,36b27baf3d7994be47ba1f1af2bfca23666d26cf,true,false
googleforgames/agones,pkg/gameservers/health.go,88bf55b94f940802a5e2fe55e168dfad4ce5bcbe,true,false
googleforgames/agones,pkg/apis/agones/v1/gameserver.go,deb5764a711219bcbe6c5791dfbfd2f3f195f850,true,false
goreleaser/goreleaser,internal/gio/copy.go,139bdd07ea1dfc983e0c6202017de1ee5cb61193,true,false
goreleaser/goreleaser,internal/builders/buildtarget/targets.go,160d97af40bb747e86e4c7ff8f7ed68e87ec1768,true,false
goreleaser/goreleaser,internal/builders/buildtarget/targets_test.go,160d97af40bb747e86e4c7ff8f7ed68e87ec1768,true,false
goreleaser/goreleaser,scripts/fury-upload.sh,c456654778c094462263c37d06e6f08ee403a3d8,true,false
goreleaser/goreleaser,internal/linux/arch.go,d7e1bcc1f069bc294abe9032c9209f271dc60745,true,false
goreleaser/goreleaser,internal/linux/arch_test.go,d7e1bcc1f069bc294abe9032c9209f271dc60745,true,false
grafana/loki,clients/cmd/fluentd/lib/fluent/plugin/out_loki.rb,00168b341a134d6d1c5ee65d73ec422383f1fcff,false,true
grafana/loki,pkg/querier/queryrange/codec_test.go,2e1279d99654a3b6ae25cdaf61ec907b2293ec06,true,false
grafana/loki,docs/sources/fundamentals/architecture/modes.png,331fa6d7b09277eb14ea47d490396fb7b30087f7,true,false
grafana/loki,pkg/ingester/ingester_test.go,47336cdbe62bd86b8ce5da576ccba95099248562,true,false
grafana/loki,pkg/loghttp/push/push_test.go,ab10bc69d70847a24778bb933bc246e2cf0a7e39,true,false
grafana/loki,pkg/distributor/distributor.go,d3d63e17789483370b62c9278af422d0940e7e5c,true,true
grafana/loki,pkg/querier/queryrange/downstreamer_test.go,d5ec714ae095d1fadbcdff185e99bc252491aadd,true,false
grafana/loki,pkg/iter/sample_iterator.go,d8e6debaa50c5fe42e3ec7ce79dbf513134917ea,true,true
grafana/loki,pkg/iter/sample_iterator_test.go,d8e6debaa50c5fe42e3ec7ce79dbf513134917ea,true,true
grafana/loki,pkg/storage/batch_test.go,ea8e0987b3d10d131e4da95feb279c5f3055d5ad,true,false
gravitational/teleport,lib/srv/db/proxyserver.go,13a69d4eab1b82fafd2888c2c85db1155aaeeb79,true,false
gravitational/teleport,lib/utils/pipenetconn.go,5463c799eacfd586cfb476dbd0ae27fc46eebaec,true,false
gravitational/teleport,lib/web/users.go,d01cf5e2bb923634c6fcaf7c872dcbe3e267619a,true,false
gravitational/teleport,lib/utils/loadbalancer.go,deaf88d58749602164431f4afed12087b2fab8d6,true,false
grpc-ecosystem/grpc-gateway,runtime/convert.go,a7db293010edc2ffe2a855163affcf6353b13297,true,false
grpc-ecosystem/grpc-gateway,runtime/convert_test.go,a7db293010edc2ffe2a855163affcf6353b13297,true,false
grpc/grpc-go,credentials/google/xds.go,03753f593ccb9034846f7a17db5165a4827b35a2,true,false
grpc/grpc-go,internal/xds/env/env.go,d16cfedb5f31caad933f6bb4f3aa3a85177fb989,false,true
grpc/grpc-go,internal/envconfig/envconfig.go,f1d87c14c2165a7ddbc26f6319e777c88c1b3c85,true,false
gruntwork-io/terragrunt,config/include.go,6dc2b1475a144ac22625a4bc88a7bcc927718435,true,false
gruntwork-io/terragrunt,test/fixture-multiinclude-dependency/depa.hcl,6dc2b1475a144ac22625a4bc88a7bcc927718435,true,false
gruntwork-io/terragrunt,test/fixture-multiinclude-dependency/depa/main.tf,6dc2b1475a144ac22625a4bc88a7bcc927718435,true,false
gruntwork-io/terragrunt,test/fixture-multiinclude-dependency/depa/terragrunt.hcl,6dc2b1475a144ac22625a4bc88a7bcc927718435,true,false
gruntwork-io/terragrunt,test/fixture-multiinclude-dependency/depb.hcl,6dc2b1475a144ac22625a4bc88a7bcc927718435,true,false
gruntwork-io/terragrunt,test/fixture-multiinclude-dependency/depb/main.tf,6dc2b1475a144ac22625a4bc88a7bcc927718435,true,false
gruntwork-io/terragrunt,test/fixture-multiinclude-dependency/depb/terragrunt.hcl,6dc2b1475a144ac22625a4bc88a7bcc927718435,true,false
gruntwork-io/terragrunt,test/fixture-multiinclude-dependency/depc.hcl,6dc2b1475a144ac22625a4bc88a7bcc927718435,true,false
gruntwork-io/terragrunt,test/fixture-multiinclude-dependency/depc/main.tf,6dc2b1475a144ac22625a4bc88a7bcc927718435,true,false
gruntwork-io/terragrunt,test/fixture-multiinclude-dependency/depc/terragrunt.hcl,6dc2b1475a144ac22625a4bc88a7bcc927718435,true,false
gruntwork-io/terragrunt,test/fixture-multiinclude-dependency/main/main.tf,6dc2b1475a144ac22625a4bc88a7bcc927718435,true,false
gruntwork-io/terragrunt,test/fixture-multiinclude-dependency/main/terragrunt.hcl,6dc2b1475a144ac22625a4bc88a7bcc927718435,true,false
gruntwork-io/terragrunt,test/fixture-multiinclude-dependency/terragrunt.hcl,6dc2b1475a144ac22625a4bc88a7bcc927718435,true,false
gruntwork-io/terragrunt,test/integration_debug_test.go,6dc2b1475a144ac22625a4bc88a7bcc927718435,true,false
gruntwork-io/terragrunt,test/fixture-relative-include-cmd/app/app.tf,eefeb0e9b4dc8f1e8af98a21076582232f697d8b,false,true
gruntwork-io/terragrunt,test/fixture-relative-include-cmd/app/terragrunt.hcl,eefeb0e9b4dc8f1e8af98a21076582232f697d8b,false,true
gruntwork-io/terragrunt,test/fixture-relative-include-cmd/terragrunt-test.hcl,eefeb0e9b4dc8f1e8af98a21076582232f697d8b,false,true
hajimehoshi/ebiten,internal/graphicsdriver/opengl/context_js.go,3f5d1762bb36729382e91e4557354039ed3b39c3,true,false
hajimehoshi/ebiten,internal/graphicsdriver/opengl/gl/package_x.go,a5198275fa14e2a4ee84161692c4f537078f4500,false,true
hajimehoshi/ebiten,internal/uidriver/mobile/graphics_ios.go,ce86a9940c4b9311dce25f8b89511e47d1dbd470,true,false
hashicorp/consul,website/data/api-docs-nav-data.json,8ba3abf4d85e386b72be2d1eff3e123290bf31fd,true,false
hashicorp/consul,CHANGELOG.md,8eb5915f7d7614b1be29fe3a4a0f63ec9d0ce8b1,true,false
hashicorp/consul,.changelog/11231.txt,a0bba9171dbe30c8b2cc46e649d26852cccba422,true,false
hashicorp/consul,agent/testagent.go,a0bba9171dbe30c8b2cc46e649d26852cccba422,true,false
hashicorp/consul,.changelog/11399.txt,fea6f08bf9995bc65c3bc0e5206974cac62d35fc,true,false
hashicorp/nomad,.changelog/11307.txt,1d30caafad0b776dec3d9b7b83bb6c84155a482b,false,true
hashicorp/nomad,.changelog/11238.txt,56246038936908e9929921b97aab34079bdaae8d,true,false
hashicorp/nomad,client/structs/csi.go,56246038936908e9929921b97aab34079bdaae8d,true,false
hashicorp/nomad,command/agent/bindata_assetfs.go,600bf12b75b3bdcbea616b2ebc933fdbfebce170,true,false
hashicorp/nomad,.changelog/10965.txt,75cd30c5484f77ede6089e5f4f2817581387d265,true,false
hashicorp/nomad,nomad/structs/diff.go,75cd30c5484f77ede6089e5f4f2817581387d265,true,false
hashicorp/nomad,nomad/structs/diff_test.go,75cd30c5484f77ede6089e5f4f2817581387d265,true,false
hashicorp/nomad,nomad/eval_broker.go,b40a21597b42b7eab49702bde7b180b439ae129a,true,false
hashicorp/nomad,nomad/eval_broker_test.go,b40a21597b42b7eab49702bde7b180b439ae129a,true,false
hashicorp/nomad,.changelog/11273.txt,bc2a51d43a20f4e2ba6cdc33d4eed947177417c5,true,false
hashicorp/nomad,drivers/shared/executor/client.go,bc2a51d43a20f4e2ba6cdc33d4eed947177417c5,true,false
hashicorp/nomad,.changelog/11287.txt,feb450a3937c75567f587b05f2559a3669fd2575,false,true
hashicorp/packer,command/hcl2_upgrade.go,11f5da8b5ad2b7c876a507897074c6cca0ed6134,true,false
hashicorp/packer,provisioner/file/provisioner_test.go,11f5da8b5ad2b7c876a507897074c6cca0ed6134,true,false
hashicorp/packer,website/components/section-break-cta/hcp-packer.svg,38fe22062b0ca6d6e27f757b0b853fa1520c1259,true,false
hashicorp/packer,website/components/section-break-cta/index.tsx,38fe22062b0ca6d6e27f757b0b853fa1520c1259,true,false
hashicorp/packer,website/components/section-break-cta/style.module.css,38fe22062b0ca6d6e27f757b0b853fa1520c1259,true,false
hashicorp/packer,website/components/subnav/index.jsx,38fe22062b0ca6d6e27f757b0b853fa1520c1259,true,false
hashicorp/packer,website/pages/home/index.jsx,38fe22062b0ca6d6e27f757b0b853fa1520c1259,true,false
hashicorp/packer,website/public/img/hcp-callout.svg,38fe22062b0ca6d6e27f757b0b853fa1520c1259,true,false
hashicorp/packer,website/pages/_app.js,92c7fb8d2e9d870af6959d8378567592c7af9a97,false,true
hashicorp/packer,.github/ISSUE_TEMPLATE/bug_report.md,bc6f1e36e626c4023919d909b3a207d843578072,true,false
hashicorp/packer,examples/hcl/linux/build.alpine.pkr.hcl,bc6f1e36e626c4023919d909b3a207d843578072,true,false
hashicorp/packer,examples/hcl/linux/build.ubuntu.pkr.hcl,bc6f1e36e626c4023919d909b3a207d843578072,true,false
hashicorp/packer,website/README.md,bc6f1e36e626c4023919d909b3a207d843578072,true,false
hashicorp/packer,website/content/community-plugins.mdx,bc6f1e36e626c4023919d909b3a207d843578072,true,false
hashicorp/packer,website/content/docs/commands/console.mdx,bc6f1e36e626c4023919d909b3a207d843578072,true,false
hashicorp/packer,website/content/docs/commands/index.mdx,bc6f1e36e626c4023919d909b3a207d843578072,true,false
hashicorp/packer,website/content/docs/plugins/creation/custom-builders.mdx,bc6f1e36e626c4023919d909b3a207d843578072,true,false
hashicorp/packer,website/content/docs/plugins/creation/index.mdx,bc6f1e36e626c4023919d909b3a207d843578072,true,false
hashicorp/packer,website/content/docs/templates/hcl_templates/blocks/source.mdx,bc6f1e36e626c4023919d909b3a207d843578072,true,false
hashicorp/packer,website/content/docs/templates/hcl_templates/functions/encoding/yamlencode.mdx,bc6f1e36e626c4023919d909b3a207d843578072,true,false
hashicorp/packer,website/content/docs/templates/hcl_templates/functions/string/format.mdx,bc6f1e36e626c4023919d909b3a207d843578072,true,false
hashicorp/packer,website/content/guides/automatic-operating-system-installs/autounattend_windows.mdx,bc6f1e36e626c4023919d909b3a207d843578072,true,false
hashicorp/packer,website/content/guides/automatic-operating-system-installs/index.mdx,bc6f1e36e626c4023919d909b3a207d843578072,true,false
hashicorp/packer,website/content/guides/packer-on-cicd/build-virtualbox-image.mdx,bc6f1e36e626c4023919d909b3a207d843578072,true,false
hashicorp/terraform,internal/backend/remote-state/oss/backend.go,3513d06abeca84d083dc32474e406da757bcb006,true,false
hashicorp/terraform,internal/backend/remote-state/cos/backend_state.go,39779e70210a2e4fedfb5a6ef51ce1a084fd45f1,false,true
hashicorp/terraform,internal/backend/remote-state/cos/backend_test.go,39779e70210a2e4fedfb5a6ef51ce1a084fd45f1,false,true
hashicorp/terraform,internal/configs/configload/loader_snapshot.go,d76759a6a961b1b20886d6b6528436257117ecf4,true,false
heroiclabs/nakama,server/pipeline_status.go,06c70397c17cb7971049f9fb61bc0014601f2d0f,true,true
heroiclabs/nakama,server/api_group.go,349b58bc46860255784aa5bbb6cf83776926d7d0,true,false
heroiclabs/nakama,server/core_link.go,e950152460f1e447e8c5194fc8f5145649e99ca6,true,false
hyperledger/fabric,core/ledger/kvledger/kv_ledger_provider.go,9ef778ac3dbcb00bcd76eabc85c95418fad1899d,false,true
influxdata/influxdb,http/tokens.go,1ba6581e7422866b610aebd988aa19cdb0389795,true,false
influxdata/influxdb,http/tokens_test.go,1ba6581e7422866b610aebd988aa19cdb0389795,true,false
influxdata/influxdb,tsdb/index/tsi1/cache_test.go,2ecbb68fc3ca71cbcb3bf5832683c70be1924b50,true,false
influxdata/influxdb,tsdb/index/tsi1/index_test.go,2ecbb68fc3ca71cbcb3bf5832683c70be1924b50,true,false
influxdata/influxdb,tsdb/index/tsi1/partition.go,2ecbb68fc3ca71cbcb3bf5832683c70be1924b50,true,false
influxdata/influxdb,query/stdlib/influxdata/influxdb/rules.go,708e808d0021106818cb1398a1ef2124992fa36b,true,false
influxdata/influxdb,scripts/ci/build-tests.sh,a4ee58e4516b59ab0d328de88d94eaa7281abd8f,false,true
influxdata/influxdb,scripts/ci/check-system-go-matches-go-mod.sh,a4ee58e4516b59ab0d328de88d94eaa7281abd8f,false,true
influxdata/influxdb,scripts/ci/run-race-tests.sh,a4ee58e4516b59ab0d328de88d94eaa7281abd8f,false,true
influxdata/influxdb,session/http_server_test.go,e12e78aa690c55b9b57ec4d7fd0a76b6138569a2,true,false
influxdata/telegraf,scripts/check-file-changes.sh,0088be7da1c97b151534b873ad48867845b975a5,true,false
influxdata/telegraf,plugins/parsers/influx/machine.go,128ed8849b16239707a9bedd059029792aceac53,true,false
influxdata/telegraf,plugins/parsers/influx/machine.go.rl,128ed8849b16239707a9bedd059029792aceac53,true,false
influxdata/telegraf,plugins/inputs/prometheus/kubernetes_test.go,2e216825db7404eceb6d3066a3052e85befe07b5,true,false
influxdata/telegraf,plugins/inputs/mysql/v2/convert.go,4194e54ceb36ec3d8eeede523f1de68b73521357,true,false
influxdata/telegraf,plugins/inputs/mysql/v2/convert_test.go,4194e54ceb36ec3d8eeede523f1de68b73521357,true,false
influxdata/telegraf,plugins/inputs/intel_rdt/README.md,4321f8ae67a95f152aa5e83074e1e06f588811c1,true,false
influxdata/telegraf,plugins/inputs/internet_speed/internet_speed.go,62d5f635bbf68582150f7d4f27376ecaac61653a,true,false
influxdata/telegraf,plugins/inputs/zfs/zfs_freebsd.go,aa2f1b150ecc9f0559d87ce60042db36bd82005d,true,false
influxdata/telegraf,plugins/parsers/json_v2/testdata/mix_field_and_object/expected.out,da5727e34cae3b85a4840c827575978092fd040b,true,true
influxdata/telegraf,plugins/parsers/json_v2/testdata/mix_field_and_object/input.json,da5727e34cae3b85a4840c827575978092fd040b,true,true
influxdata/telegraf,plugins/parsers/json_v2/testdata/mix_field_and_object/telegraf.conf,da5727e34cae3b85a4840c827575978092fd040b,true,true
influxdb/influxdb,http/tokens.go,1ba6581e7422866b610aebd988aa19cdb0389795,true,false
influxdb/influxdb,http/tokens_test.go,1ba6581e7422866b610aebd988aa19cdb0389795,true,false
influxdb/influxdb,tsdb/index/tsi1/cache_test.go,2ecbb68fc3ca71cbcb3bf5832683c70be1924b50,true,false
influxdb/influxdb,tsdb/index/tsi1/index_test.go,2ecbb68fc3ca71cbcb3bf5832683c70be1924b50,true,false
influxdb/influxdb,tsdb/index/tsi1/partition.go,2ecbb68fc3ca71cbcb3bf5832683c70be1924b50,true,false
influxdb/influxdb,query/stdlib/influxdata/influxdb/rules.go,708e808d0021106818cb1398a1ef2124992fa36b,true,false
influxdb/influxdb,scripts/ci/build-tests.sh,a4ee58e4516b59ab0d328de88d94eaa7281abd8f,false,true
influxdb/influxdb,scripts/ci/check-system-go-matches-go-mod.sh,a4ee58e4516b59ab0d328de88d94eaa7281abd8f,false,true
influxdb/influxdb,scripts/ci/run-race-tests.sh,a4ee58e4516b59ab0d328de88d94eaa7281abd8f,false,true
influxdb/influxdb,session/http_server_test.go,e12e78aa690c55b9b57ec4d7fd0a76b6138569a2,true,false
istio/istio,pilot/pkg/xds/sds.go,1793ad382a162718a22ee6f98ea5e6a367a7e72a,false,true
istio/istio,pilot/pkg/xds/sds_test.go,1793ad382a162718a22ee6f98ea5e6a367a7e72a,false,true
istio/istio,istioctl/cmd/testdata/vmconfig-nil-proxy-metadata/mesh.yaml.golden,2604842a831d6de8408b5119e67f33f398b5f0a6,true,false
istio/istio,istioctl/cmd/testdata/vmconfig/simple/mesh.yaml.golden,2604842a831d6de8408b5119e67f33f398b5f0a6,true,false
istio/istio,releasenotes/notes/fix-workload-group-labels.yaml,2604842a831d6de8408b5119e67f33f398b5f0a6,true,false
istio/istio,istioctl/cmd/proxystatus.go,37ca45b0eadf4440696a3cc76b2d2fc368c90f42,true,false
istio/istio,pkg/uds/listener.go,46f4cd9cd2eb0523329494e525bde78c9c5d2219,true,false
istio/istio,pkg/test/csrctrl/signer/ca_provider.go,84b72bd8c0bf226c65c42a06150c0b6508571106,false,true
istio/istio,pkg/test/util/file/file.go,84b72bd8c0bf226c65c42a06150c0b6508571106,false,true
istio/istio,tests/fuzz/misc_fuzzers.go,84b72bd8c0bf226c65c42a06150c0b6508571106,false,true
istio/istio,licenses/github.com/coreos/go-oidc/LICENSE,8954eb1bffb0c3c2313015c9e13ff35e7b52ea8a,true,false
istio/istio,licenses/github.com/coreos/go-oidc/v3/LICENSE,8954eb1bffb0c3c2313015c9e13ff35e7b52ea8a,true,false
istio/istio,licenses/github.com/pquerna/cachecontrol/LICENSE,8954eb1bffb0c3c2313015c9e13ff35e7b52ea8a,true,false
istio/istio,security/pkg/server/ca/authenticate/oidc.go,8954eb1bffb0c3c2313015c9e13ff35e7b52ea8a,true,false
istio/istio,releasenotes/notes/fix-se-stale-ep.yaml,a0f0f0aa75a06e7d1e6dd678aa0493ce8467091a,true,false
istio/istio,pilot/pkg/security/authz/builder/testdata/http/custom-http-provider-out2.yaml,aa475b9932bbcf54320f520a70250d28c556ad4e,true,false
istio/istio,releasenotes/notes/35220.yaml,aa475b9932bbcf54320f520a70250d28c556ad4e,true,false
istio/istio,pkg/bootstrap/testdata/all_golden.json,ba9125fa931df8a621d5f33b429161a8309ed498,true,false
istio/istio,pkg/bootstrap/testdata/auth_golden.json,ba9125fa931df8a621d5f33b429161a8309ed498,true,false
istio/istio,pkg/bootstrap/testdata/authsds_golden.json,ba9125fa931df8a621d5f33b429161a8309ed498,true,false
istio/istio,pkg/bootstrap/testdata/default_golden.json,ba9125fa931df8a621d5f33b429161a8309ed498,true,false
istio/istio,pkg/bootstrap/testdata/metrics_no_statsd_golden.json,ba9125fa931df8a621d5f33b429161a8309ed498,true,false
istio/istio,pkg/bootstrap/testdata/running_golden.json,ba9125fa931df8a621d5f33b429161a8309ed498,true,false
istio/istio,pkg/bootstrap/testdata/runningsds_golden.json,ba9125fa931df8a621d5f33b429161a8309ed498,true,false
istio/istio,pkg/bootstrap/testdata/stats_inclusion_golden.json,ba9125fa931df8a621d5f33b429161a8309ed498,true,false
istio/istio,pkg/bootstrap/testdata/tracing_datadog_golden.json,ba9125fa931df8a621d5f33b429161a8309ed498,true,false
istio/istio,pkg/bootstrap/testdata/tracing_lightstep_golden.json,ba9125fa931df8a621d5f33b429161a8309ed498,true,false
istio/istio,pkg/bootstrap/testdata/tracing_opencensusagent_golden.json,ba9125fa931df8a621d5f33b429161a8309ed498,true,false
istio/istio,pkg/bootstrap/testdata/tracing_stackdriver_golden.json,ba9125fa931df8a621d5f33b429161a8309ed498,true,false
istio/istio,pkg/bootstrap/testdata/tracing_tls_custom_sni_golden.json,ba9125fa931df8a621d5f33b429161a8309ed498,true,false
istio/istio,pkg/bootstrap/testdata/tracing_tls_golden.json,ba9125fa931df8a621d5f33b429161a8309ed498,true,false
istio/istio,pkg/bootstrap/testdata/tracing_zipkin_golden.json,ba9125fa931df8a621d5f33b429161a8309ed498,true,false
istio/istio,pkg/bootstrap/testdata/xdsproxy_golden.json,ba9125fa931df8a621d5f33b429161a8309ed498,true,false
istio/istio,tests/integration/security/normalization_test.go,ba9125fa931df8a621d5f33b429161a8309ed498,true,false
istio/istio,tests/integration/telemetry/stackdriver/testdata/client_request_count.json.tmpl,ba9125fa931df8a621d5f33b429161a8309ed498,true,false
istio/istio,tests/integration/telemetry/stackdriver/testdata/server_request_count.json.tmpl,ba9125fa931df8a621d5f33b429161a8309ed498,true,false
istio/istio,tests/integration/telemetry/stackdriver/vm/testdata/client_request_count.json.tmpl,ba9125fa931df8a621d5f33b429161a8309ed498,true,false
istio/istio,tests/integration/telemetry/stackdriver/vm/testdata/server_request_count.json.tmpl,ba9125fa931df8a621d5f33b429161a8309ed498,true,false
istio/istio,tools/packaging/common/envoy_bootstrap.json,ba9125fa931df8a621d5f33b429161a8309ed498,true,false
istio/istio,operator/cmd/operator/server.go,bf1b68d7587142cffacc8cad98b889c052281e17,false,true
istio/istio,samples/bookinfo/src/ratings/ratings.js,ca31348ac60bd841f3033fcb2f2f96378430ab3b,true,false
istio/istio,istioctl/cmd/testdata/vmconfig-nil-proxy-metadata/sidecar.env.golden,ee436a648a34d0a47637033dfc7adf4065f0f841,true,false
istio/istio,istioctl/cmd/testdata/vmconfig/.gitignore,ee436a648a34d0a47637033dfc7adf4065f0f841,true,false
istio/istio,istioctl/cmd/testdata/vmconfig/simple/sidecar.env.golden,ee436a648a34d0a47637033dfc7adf4065f0f841,true,false
istio/istio,istioctl/cmd/workload_test.go,ee436a648a34d0a47637033dfc7adf4065f0f841,true,false
istio/istio,pkg/url/url.go,fd138e81f08e5712fdce1a8d919a59fe2875eaac,true,true
istio/istio,pkg/url/url_test.go,fd138e81f08e5712fdce1a8d919a59fe2875eaac,true,true
istio/istio,releasenotes/notes/35712.yaml,fd138e81f08e5712fdce1a8d919a59fe2875eaac,true,true
istio/release-builder,release/build.sh,e7ba0aed9aea22960e0df35cc08b974afa24103c,true,false
jaegertracing/jaeger,cmd/collector/app/zipkin/fixtures/zipkin_03.json,0d1727c9e477e8f5bb2b2df6ab4b8d43a3bf5852,true,false
jaegertracing/jaeger,model/converter/thrift/zipkin/to_domain.go,0d1727c9e477e8f5bb2b2df6ab4b8d43a3bf5852,true,false
jaegertracing/jaeger,cmd/es-rollover/app/init/action.go,15abdb47412ad59a3f69a634e5969887947719f0,true,false
jaegertracing/jaeger,plugin/storage/es/spanstore/reader.go,2b7fb73f4c43b36693c9c8c4ef679fbbe3a3bfe1,true,false
junegunn/fzf,test/test_go.rb,97ae8afb6f83b545eac530a689d7b3d46e20eec1,true,false
keybase/client,shared/desktop/yarn-helper/font.tsx,c998a4ba6220c94779ea299e13ccc60872bb4e51,true,false
keybase/client,shared/ios/Keybase.xcodeproj/project.pbxproj,c998a4ba6220c94779ea299e13ccc60872bb4e51,true,false
keybase/client,shared/ios/Keybase.xcodeproj/xcshareddata/xcschemes/Keybase.xcscheme,c998a4ba6220c94779ea299e13ccc60872bb4e51,true,false
keybase/client,shared/ios/Podfile,c998a4ba6220c94779ea299e13ccc60872bb4e51,true,false
keybase/client,shared/ios/Podfile.lock,c998a4ba6220c94779ea299e13ccc60872bb4e51,true,false
keybase/client,shared/ios/Pods/Manifest.lock,c998a4ba6220c94779ea299e13ccc60872bb4e51,true,false
keybase/client,shared/ios/Pods/Pods.xcodeproj/project.pbxproj,c998a4ba6220c94779ea299e13ccc60872bb4e51,true,false
keybase/client,shared/ios/Pods/Target Support Files/DoubleConversion/DoubleConversion.debug.xcconfig,c998a4ba6220c94779ea299e13ccc60872bb4e51,true,false
keybase/client,shared/ios/Pods/Target Support Files/DoubleConversion/DoubleConversion.release.xcconfig,c998a4ba6220c94779ea299e13ccc60872bb4e51,true,false
keybase/client,shared/ios/Pods/Target Support Files/EXAppLoaderProvider/EXAppLoaderProvider.debug.xcconfig,c998a4ba6220c94779ea299e13ccc60872bb4e51,true,false
keybase/client,shared/ios/Pods/Target Support Files/EXAppLoaderProvider/EXAppLoaderProvider.release.xcconfig,c998a4ba6220c94779ea299e13ccc60872bb4e51,true,false
keybase/client,shared/ios/Pods/Target Support Files/EXBarCodeScanner/EXBarCodeScanner.debug.xcconfig,c998a4ba6220c94779ea299e13ccc60872bb4e51,true,false
keybase/client,shared/ios/Pods/Target Support Files/EXBarCodeScanner/EXBarCodeScanner.release.xcconfig,c998a4ba6220c94779ea299e13ccc60872bb4e51,true,false
keybase/client,shared/ios/Pods/Target Support Files/EXConstants/EXConstants.debug.xcconfig,c998a4ba6220c94779ea299e13ccc60872bb4e51,true,false
keybase/client,shared/ios/Pods/Target Support Files/EXConstants/EXConstants.release.xcconfig,c998a4ba6220c94779ea299e13ccc60872bb4e51,true,false
keybase/client,shared/ios/Pods/Target Support Files/EXContacts/EXContacts.debug.xcconfig,c998a4ba6220c94779ea299e13ccc60872bb4e51,true,false
keybase/client,shared/ios/Pods/Target Support Files/EXContacts/EXContacts.release.xcconfig,c998a4ba6220c94779ea299e13ccc60872bb4e51,true,false
keybase/client,shared/ios/Pods/Target Support Files/EXFileSystem/EXFileSystem.debug.xcconfig,c998a4ba6220c94779ea299e13ccc60872bb4e51,true,false
keybase/client,shared/ios/Pods/Target Support Files/EXFileSystem/EXFileSystem.release.xcconfig,c998a4ba6220c94779ea299e13ccc60872bb4e51,true,false
keybase/client,shared/ios/Pods/Target Support Files/EXHaptics/EXHaptics.debug.xcconfig,c998a4ba6220c94779ea299e13ccc60872bb4e51,true,false
keybase/client,shared/ios/Pods/Target Support Files/EXHaptics/EXHaptics.release.xcconfig,c998a4ba6220c94779ea299e13ccc60872bb4e51,true,false
keybase/client,shared/ios/Pods/Target Support Files/EXImagePicker/EXImagePicker.debug.xcconfig,c998a4ba6220c94779ea299e13ccc60872bb4e51,true,false
keybase/client,shared/ios/Pods/Target Support Files/EXImagePicker/EXImagePicker.release.xcconfig,c998a4ba6220c94779ea299e13ccc60872bb4e51,true,false
keybase/client,shared/ios/Pods/Target Support Files/EXMailComposer/EXMailComposer.debug.xcconfig,c998a4ba6220c94779ea299e13ccc60872bb4e51,true,false
keybase/client,shared/ios/Pods/Target Support Files/EXMailComposer/EXMailComposer.release.xcconfig,c998a4ba6220c94779ea299e13ccc60872bb4e51,true,false
keybase/client,shared/ios/Pods/Target Support Files/EXPermissions/EXPermissions.debug.xcconfig,c998a4ba6220c94779ea299e13ccc60872bb4e51,true,false
keybase/client,shared/ios/Pods/Target Support Files/EXPermissions/EXPermissions.release.xcconfig,c998a4ba6220c94779ea299e13ccc60872bb4e51,true,false
keybase/client,shared/ios/Pods/Target Support Files/EXSMS/EXSMS.debug.xcconfig,c998a4ba6220c94779ea299e13ccc60872bb4e51,true,false
keybase/client,shared/ios/Pods/Target Support Files/EXSMS/EXSMS.release.xcconfig,c998a4ba6220c94779ea299e13ccc60872bb4e51,true,false
keybase/client,shared/ios/Pods/Target Support Files/FBLazyVector/FBLazyVector.debug.xcconfig,c998a4ba6220c94779ea299e13ccc60872bb4e51,true,false
keybase/client,shared/ios/Pods/Target Support Files/FBLazyVector/FBLazyVector.release.xcconfig,c998a4ba6220c94779ea299e13ccc60872bb4e51,true,false
keybase/client,shared/ios/Pods/Target Support Files/FBReactNativeSpec/FBReactNativeSpec.debug.xcconfig,c998a4ba6220c94779ea299e13ccc60872bb4e51,true,false
keybase/client,shared/ios/Pods/Target Support Files/FBReactNativeSpec/FBReactNativeSpec.release.xcconfig,c998a4ba6220c94779ea299e13ccc60872bb4e51,true,false
keybase/client,shared/ios/Pods/Target Support Files/Folly/Folly.debug.xcconfig,c998a4ba6220c94779ea299e13ccc60872bb4e51,true,false
keybase/client,shared/ios/Pods/Target Support Files/Folly/Folly.release.xcconfig,c998a4ba6220c94779ea299e13ccc60872bb4e51,true,false
keybase/client,shared/ios/Pods/Target Support Files/Pods-Keybase/Pods-Keybase.debug.xcconfig,c998a4ba6220c94779ea299e13ccc60872bb4e51,true,false
keybase/client,shared/ios/Pods/Target Support Files/Pods-Keybase/Pods-Keybase.release.xcconfig,c998a4ba6220c94779ea299e13ccc60872bb4e51,true,false
keybase/client,shared/ios/Pods/Target Support Files/Pods-KeybaseShare/Pods-KeybaseShare.debug.xcconfig,c998a4ba6220c94779ea299e13ccc60872bb4e51,true,false
keybase/client,shared/ios/Pods/Target Support Files/Pods-KeybaseShare/Pods-KeybaseShare.release.xcconfig,c998a4ba6220c94779ea299e13ccc60872bb4e51,true,false
keybase/client,shared/ios/Pods/Target Support Files/RCTRequired/RCTRequired.debug.xcconfig,c998a4ba6220c94779ea299e13ccc60872bb4e51,true,false
keybase/client,shared/ios/Pods/Target Support Files/RCTRequired/RCTRequired.release.xcconfig,c998a4ba6220c94779ea299e13ccc60872bb4e51,true,false
keybase/client,shared/ios/Pods/Target Support Files/RCTTypeSafety/RCTTypeSafety.debug.xcconfig,c998a4ba6220c94779ea299e13ccc60872bb4e51,true,false
keybase/client,shared/ios/Pods/Target Support Files/RCTTypeSafety/RCTTypeSafety.release.xcconfig,c998a4ba6220c94779ea299e13ccc60872bb4e51,true,false
keybase/client,shared/ios/Pods/Target Support Files/RNAudio/RNAudio.debug.xcconfig,c998a4ba6220c94779ea299e13ccc60872bb4e51,true,false
keybase/client,shared/ios/Pods/Target Support Files/RNAudio/RNAudio.release.xcconfig,c998a4ba6220c94779ea299e13ccc60872bb4e51,true,false
keybase/client,shared/ios/Pods/Target Support Files/RNFastImage/RNFastImage.debug.xcconfig,c998a4ba6220c94779ea299e13ccc60872bb4e51,true,false
keybase/client,shared/ios/Pods/Target Support Files/RNFastImage/RNFastImage.release.xcconfig,c998a4ba6220c94779ea299e13ccc60872bb4e51,true,false
keybase/client,shared/ios/Pods/Target Support Files/RNGestureHandler/RNGestureHandler.debug.xcconfig,c998a4ba6220c94779ea299e13ccc60872bb4e51,true,false
keybase/client,shared/ios/Pods/Target Support Files/RNGestureHandler/RNGestureHandler.release.xcconfig,c998a4ba6220c94779ea299e13ccc60872bb4e51,true,false
keybase/client,shared/ios/Pods/Target Support Files/RNReanimated/RNReanimated.debug.xcconfig,c998a4ba6220c94779ea299e13ccc60872bb4e51,true,false
keybase/client,shared/ios/Pods/Target Support Files/RNReanimated/RNReanimated.release.xcconfig,c998a4ba6220c94779ea299e13ccc60872bb4e51,true,false
keybase/client,shared/ios/Pods/Target Support Files/RNScreens/RNScreens.debug.xcconfig,c998a4ba6220c94779ea299e13ccc60872bb4e51,true,false
keybase/client,shared/ios/Pods/Target Support Files/RNScreens/RNScreens.release.xcconfig,c998a4ba6220c94779ea299e13ccc60872bb4e51,true,false
keybase/client,shared/ios/Pods/Target Support Files/React-Core/React-Core.debug.xcconfig,c998a4ba6220c94779ea299e13ccc60872bb4e51,true,false
keybase/client,shared/ios/Pods/Target Support Files/React-Core/React-Core.release.xcconfig,c998a4ba6220c94779ea299e13ccc60872bb4e51,true,false
keybase/client,shared/ios/Pods/Target Support Files/React-CoreModules/React-CoreModules.debug.xcconfig,c998a4ba6220c94779ea299e13ccc60872bb4e51,true,false
keybase/client,shared/ios/Pods/Target Support Files/React-CoreModules/React-CoreModules.release.xcconfig,c998a4ba6220c94779ea299e13ccc60872bb4e51,true,false
keybase/client,shared/ios/Pods/Target Support Files/React-RCTActionSheet/React-RCTActionSheet.debug.xcconfig,c998a4ba6220c94779ea299e13ccc60872bb4e51,true,false
keybase/client,shared/ios/Pods/Target Support Files/React-RCTActionSheet/React-RCTActionSheet.release.xcconfig,c998a4ba6220c94779ea299e13ccc60872bb4e51,true,false
keybase/client,shared/ios/Pods/Target Support Files/React-RCTAnimation/React-RCTAnimation.debug.xcconfig,c998a4ba6220c94779ea299e13ccc60872bb4e51,true,false
keybase/client,shared/ios/Pods/Target Support Files/React-RCTAnimation/React-RCTAnimation.release.xcconfig,c998a4ba6220c94779ea299e13ccc60872bb4e51,true,false
keybase/client,shared/ios/Pods/Target Support Files/React-RCTBlob/React-RCTBlob.debug.xcconfig,c998a4ba6220c94779ea299e13ccc60872bb4e51,true,false
keybase/client,shared/ios/Pods/Target Support Files/React-RCTBlob/React-RCTBlob.release.xcconfig,c998a4ba6220c94779ea299e13ccc60872bb4e51,true,false
keybase/client,shared/ios/Pods/Target Support Files/React-RCTImage/React-RCTImage.debug.xcconfig,c998a4ba6220c94779ea299e13ccc60872bb4e51,true,false
keybase/client,shared/ios/Pods/Target Support Files/React-RCTImage/React-RCTImage.release.xcconfig,c998a4ba6220c94779ea299e13ccc60872bb4e51,true,false
keybase/client,shared/ios/Pods/Target Support Files/React-RCTLinking/React-RCTLinking.debug.xcconfig,c998a4ba6220c94779ea299e13ccc60872bb4e51,true,false
keybase/client,shared/ios/Pods/Target Support Files/React-RCTLinking/React-RCTLinking.release.xcconfig,c998a4ba6220c94779ea299e13ccc60872bb4e51,true,false
keybase/client,shared/ios/Pods/Target Support Files/React-RCTNetwork/React-RCTNetwork.debug.xcconfig,c998a4ba6220c94779ea299e13ccc60872bb4e51,true,false
keybase/client,shared/ios/Pods/Target Support Files/React-RCTNetwork/React-RCTNetwork.release.xcconfig,c998a4ba6220c94779ea299e13ccc60872bb4e51,true,false
keybase/client,shared/ios/Pods/Target Support Files/React-RCTPushNotification/React-RCTPushNotification.debug.xcconfig,c998a4ba6220c94779ea299e13ccc60872bb4e51,true,false
keybase/client,shared/ios/Pods/Target Support Files/React-RCTPushNotification/React-RCTPushNotification.release.xcconfig,c998a4ba6220c94779ea299e13ccc60872bb4e51,true,false
keybase/client,shared/ios/Pods/Target Support Files/React-RCTSettings/React-RCTSettings.debug.xcconfig,c998a4ba6220c94779ea299e13ccc60872bb4e51,true,false
keybase/client,shared/ios/Pods/Target Support Files/React-RCTSettings/React-RCTSettings.release.xcconfig,c998a4ba6220c94779ea299e13ccc60872bb4e51,true,false
keybase/client,shared/ios/Pods/Target Support Files/React-RCTText/React-RCTText.debug.xcconfig,c998a4ba6220c94779ea299e13ccc60872bb4e51,true,false
keybase/client,shared/ios/Pods/Target Support Files/React-RCTText/React-RCTText.release.xcconfig,c998a4ba6220c94779ea299e13ccc60872bb4e51,true,false
keybase/client,shared/ios/Pods/Target Support Files/React-RCTVibration/React-RCTVibration.debug.xcconfig,c998a4ba6220c94779ea299e13ccc60872bb4e51,true,false
keybase/client,shared/ios/Pods/Target Support Files/React-RCTVibration/React-RCTVibration.release.xcconfig,c998a4ba6220c94779ea299e13ccc60872bb4e51,true,false
keybase/client,shared/ios/Pods/Target Support Files/React-cxxreact/React-cxxreact.debug.xcconfig,c998a4ba6220c94779ea299e13ccc60872bb4e51,true,false
keybase/client,shared/ios/Pods/Target Support Files/React-cxxreact/React-cxxreact.release.xcconfig,c998a4ba6220c94779ea299e13ccc60872bb4e51,true,false
keybase/client,shared/ios/Pods/Target Support Files/React-jsi/React-jsi.debug.xcconfig,c998a4ba6220c94779ea299e13ccc60872bb4e51,true,false
keybase/client,shared/ios/Pods/Target Support Files/React-jsi/React-jsi.release.xcconfig,c998a4ba6220c94779ea299e13ccc60872bb4e51,true,false
keybase/client,shared/ios/Pods/Target Support Files/React-jsiexecutor/React-jsiexecutor.debug.xcconfig,c998a4ba6220c94779ea299e13ccc60872bb4e51,true,false
keybase/client,shared/ios/Pods/Target Support Files/React-jsiexecutor/React-jsiexecutor.release.xcconfig,c998a4ba6220c94779ea299e13ccc60872bb4e51,true,false
keybase/client,shared/ios/Pods/Target Support Files/React-jsinspector/React-jsinspector.debug.xcconfig,c998a4ba6220c94779ea299e13ccc60872bb4e51,true,false
keybase/client,shared/ios/Pods/Target Support Files/React-jsinspector/React-jsinspector.release.xcconfig,c998a4ba6220c94779ea299e13ccc60872bb4e51,true,false
keybase/client,shared/ios/Pods/Target Support Files/React/React.debug.xcconfig,c998a4ba6220c94779ea299e13ccc60872bb4e51,true,false
keybase/client,shared/ios/Pods/Target Support Files/React/React.release.xcconfig,c998a4ba6220c94779ea299e13ccc60872bb4e51,true,false
keybase/client,shared/ios/Pods/Target Support Files/ReactCommon/ReactCommon.debug.xcconfig,c998a4ba6220c94779ea299e13ccc60872bb4e51,true,false
keybase/client,shared/ios/Pods/Target Support Files/ReactCommon/ReactCommon.release.xcconfig,c998a4ba6220c94779ea299e13ccc60872bb4e51,true,false
keybase/client,shared/ios/Pods/Target Support Files/SDWebImage/SDWebImage.debug.xcconfig,c998a4ba6220c94779ea299e13ccc60872bb4e51,true,false
keybase/client,shared/ios/Pods/Target Support Files/SDWebImage/SDWebImage.release.xcconfig,c998a4ba6220c94779ea299e13ccc60872bb4e51,true,false
keybase/client,shared/ios/Pods/Target Support Files/SDWebImageWebPCoder/SDWebImageWebPCoder.debug.xcconfig,c998a4ba6220c94779ea299e13ccc60872bb4e51,true,false
keybase/client,shared/ios/Pods/Target Support Files/SDWebImageWebPCoder/SDWebImageWebPCoder.release.xcconfig,c998a4ba6220c94779ea299e13ccc60872bb4e51,true,false
keybase/client,shared/ios/Pods/Target Support Files/UMBarCodeScannerInterface/UMBarCodeScannerInterface.debug.xcconfig,c998a4ba6220c94779ea299e13ccc60872bb4e51,true,false
keybase/client,shared/ios/Pods/Target Support Files/UMBarCodeScannerInterface/UMBarCodeScannerInterface.release.xcconfig,c998a4ba6220c94779ea299e13ccc60872bb4e51,true,false
keybase/client,shared/ios/Pods/Target Support Files/UMCameraInterface/UMCameraInterface.debug.xcconfig,c998a4ba6220c94779ea299e13ccc60872bb4e51,true,false
keybase/client,shared/ios/Pods/Target Support Files/UMCameraInterface/UMCameraInterface.release.xcconfig,c998a4ba6220c94779ea299e13ccc60872bb4e51,true,false
keybase/client,shared/ios/Pods/Target Support Files/UMConstantsInterface/UMConstantsInterface.debug.xcconfig,c998a4ba6220c94779ea299e13ccc60872bb4e51,true,false
keybase/client,shared/ios/Pods/Target Support Files/UMConstantsInterface/UMConstantsInterface.release.xcconfig,c998a4ba6220c94779ea299e13ccc60872bb4e51,true,false
keybase/client,shared/ios/Pods/Target Support Files/UMCore/UMCore.debug.xcconfig,c998a4ba6220c94779ea299e13ccc60872bb4e51,true,false
keybase/client,shared/ios/Pods/Target Support Files/UMCore/UMCore.release.xcconfig,c998a4ba6220c94779ea299e13ccc60872bb4e51,true,false
keybase/client,shared/ios/Pods/Target Support Files/UMFaceDetectorInterface/UMFaceDetectorInterface.debug.xcconfig,c998a4ba6220c94779ea299e13ccc60872bb4e51,true,false
keybase/client,shared/ios/Pods/Target Support Files/UMFaceDetectorInterface/UMFaceDetectorInterface.release.xcconfig,c998a4ba6220c94779ea299e13ccc60872bb4e51,true,false
keybase/client,shared/ios/Pods/Target Support Files/UMFileSystemInterface/UMFileSystemInterface.debug.xcconfig,c998a4ba6220c94779ea299e13ccc60872bb4e51,true,false
keybase/client,shared/ios/Pods/Target Support Files/UMFileSystemInterface/UMFileSystemInterface.release.xcconfig,c998a4ba6220c94779ea299e13ccc60872bb4e51,true,false
keybase/client,shared/ios/Pods/Target Support Files/UMFontInterface/UMFontInterface.debug.xcconfig,c998a4ba6220c94779ea299e13ccc60872bb4e51,true,false
keybase/client,shared/ios/Pods/Target Support Files/UMFontInterface/UMFontInterface.release.xcconfig,c998a4ba6220c94779ea299e13ccc60872bb4e51,true,false
keybase/client,shared/ios/Pods/Target Support Files/UMImageLoaderInterface/UMImageLoaderInterface.debug.xcconfig,c998a4ba6220c94779ea299e13ccc60872bb4e51,true,false
keybase/client,shared/ios/Pods/Target Support Files/UMImageLoaderInterface/UMImageLoaderInterface.release.xcconfig,c998a4ba6220c94779ea299e13ccc60872bb4e51,true,false
keybase/client,shared/ios/Pods/Target Support Files/UMPermissionsInterface/UMPermissionsInterface.debug.xcconfig,c998a4ba6220c94779ea299e13ccc60872bb4e51,true,false
keybase/client,shared/ios/Pods/Target Support Files/UMPermissionsInterface/UMPermissionsInterface.release.xcconfig,c998a4ba6220c94779ea299e13ccc60872bb4e51,true,false
keybase/client,shared/ios/Pods/Target Support Files/UMReactNativeAdapter/UMReactNativeAdapter.debug.xcconfig,c998a4ba6220c94779ea299e13ccc60872bb4e51,true,false
keybase/client,shared/ios/Pods/Target Support Files/UMReactNativeAdapter/UMReactNativeAdapter.release.xcconfig,c998a4ba6220c94779ea299e13ccc60872bb4e51,true,false
keybase/client,shared/ios/Pods/Target Support Files/UMSensorsInterface/UMSensorsInterface.debug.xcconfig,c998a4ba6220c94779ea299e13ccc60872bb4e51,true,false
keybase/client,shared/ios/Pods/Target Support Files/UMSensorsInterface/UMSensorsInterface.release.xcconfig,c998a4ba6220c94779ea299e13ccc60872bb4e51,true,false
keybase/client,shared/ios/Pods/Target Support Files/UMTaskManagerInterface/UMTaskManagerInterface.debug.xcconfig,c998a4ba6220c94779ea299e13ccc60872bb4e51,true,false
keybase/client,shared/ios/Pods/Target Support Files/UMTaskManagerInterface/UMTaskManagerInterface.release.xcconfig,c998a4ba6220c94779ea299e13ccc60872bb4e51,true,false
keybase/client,shared/ios/Pods/Target Support Files/Yoga/Yoga.debug.xcconfig,c998a4ba6220c94779ea299e13ccc60872bb4e51,true,false
keybase/client,shared/ios/Pods/Target Support Files/Yoga/Yoga.release.xcconfig,c998a4ba6220c94779ea299e13ccc60872bb4e51,true,false
keybase/client,shared/ios/Pods/Target Support Files/boost-for-react-native/boost-for-react-native.debug.xcconfig,c998a4ba6220c94779ea299e13ccc60872bb4e51,true,false
keybase/client,shared/ios/Pods/Target Support Files/boost-for-react-native/boost-for-react-native.release.xcconfig,c998a4ba6220c94779ea299e13ccc60872bb4e51,true,false
keybase/client,shared/ios/Pods/Target Support Files/glog/glog.debug.xcconfig,c998a4ba6220c94779ea299e13ccc60872bb4e51,true,false
keybase/client,shared/ios/Pods/Target Support Files/glog/glog.release.xcconfig,c998a4ba6220c94779ea299e13ccc60872bb4e51,true,false
keybase/client,shared/ios/Pods/Target Support Files/libwebp/libwebp.debug.xcconfig,c998a4ba6220c94779ea299e13ccc60872bb4e51,true,false
keybase/client,shared/ios/Pods/Target Support Files/libwebp/libwebp.release.xcconfig,c998a4ba6220c94779ea299e13ccc60872bb4e51,true,false
keybase/client,shared/ios/Pods/Target Support Files/lottie-ios/lottie-ios.debug.xcconfig,c998a4ba6220c94779ea299e13ccc60872bb4e51,true,false
keybase/client,shared/ios/Pods/Target Support Files/lottie-ios/lottie-ios.release.xcconfig,c998a4ba6220c94779ea299e13ccc60872bb4e51,true,false
keybase/client,shared/ios/Pods/Target Support Files/lottie-react-native/lottie-react-native.debug.xcconfig,c998a4ba6220c94779ea299e13ccc60872bb4e51,true,false
keybase/client,shared/ios/Pods/Target Support Files/lottie-react-native/lottie-react-native.release.xcconfig,c998a4ba6220c94779ea299e13ccc60872bb4e51,true,false
keybase/client,shared/ios/Pods/Target Support Files/react-native-cameraroll/react-native-cameraroll.debug.xcconfig,c998a4ba6220c94779ea299e13ccc60872bb4e51,true,false
keybase/client,shared/ios/Pods/Target Support Files/react-native-cameraroll/react-native-cameraroll.release.xcconfig,c998a4ba6220c94779ea299e13ccc60872bb4e51,true,false
keybase/client,shared/ios/Pods/Target Support Files/react-native-contacts/react-native-contacts.debug.xcconfig,c998a4ba6220c94779ea299e13ccc60872bb4e51,true,false
keybase/client,shared/ios/Pods/Target Support Files/react-native-contacts/react-native-contacts.release.xcconfig,c998a4ba6220c94779ea299e13ccc60872bb4e51,true,false
keybase/client,shared/ios/Pods/Target Support Files/react-native-geolocation/react-native-geolocation.debug.xcconfig,c998a4ba6220c94779ea299e13ccc60872bb4e51,true,false
keybase/client,shared/ios/Pods/Target Support Files/react-native-geolocation/react-native-geolocation.release.xcconfig,c998a4ba6220c94779ea299e13ccc60872bb4e51,true,false
keybase/client,shared/ios/Pods/Target Support Files/react-native-hw-keyboard-event/react-native-hw-keyboard-event.debug.xcconfig,c998a4ba6220c94779ea299e13ccc60872bb4e51,true,false
keybase/client,shared/ios/Pods/Target Support Files/react-native-hw-keyboard-event/react-native-hw-keyboard-event.release.xcconfig,c998a4ba6220c94779ea299e13ccc60872bb4e51,true,false
keybase/client,shared/ios/Pods/Target Support Files/react-native-netinfo/react-native-netinfo.debug.xcconfig,c998a4ba6220c94779ea299e13ccc60872bb4e51,true,false
keybase/client,shared/ios/Pods/Target Support Files/react-native-netinfo/react-native-netinfo.release.xcconfig,c998a4ba6220c94779ea299e13ccc60872bb4e51,true,false
keybase/client,shared/ios/Pods/Target Support Files/react-native-safe-area-context/react-native-safe-area-context.debug.xcconfig,c998a4ba6220c94779ea299e13ccc60872bb4e51,true,false
keybase/client,shared/ios/Pods/Target Support Files/react-native-safe-area-context/react-native-safe-area-context.release.xcconfig,c998a4ba6220c94779ea299e13ccc60872bb4e51,true,false
keybase/client,shared/ios/Pods/Target Support Files/react-native-video/react-native-video.debug.xcconfig,c998a4ba6220c94779ea299e13ccc60872bb4e51,true,false
keybase/client,shared/ios/Pods/Target Support Files/react-native-video/react-native-video.release.xcconfig,c998a4ba6220c94779ea299e13ccc60872bb4e51,true,false
keybase/client,shared/ios/Pods/Target Support Files/react-native-webview/react-native-webview.debug.xcconfig,c998a4ba6220c94779ea299e13ccc60872bb4e51,true,false
keybase/client,shared/ios/Pods/Target Support Files/react-native-webview/react-native-webview.release.xcconfig,c998a4ba6220c94779ea299e13ccc60872bb4e51,true,false
keybase/client,shared/ios/Pods/Target Support Files/rn-fetch-blob/rn-fetch-blob.debug.xcconfig,c998a4ba6220c94779ea299e13ccc60872bb4e51,true,false
keybase/client,shared/ios/Pods/Target Support Files/rn-fetch-blob/rn-fetch-blob.release.xcconfig,c998a4ba6220c94779ea299e13ccc60872bb4e51,true,false
keybase/client,shared/package.json,c998a4ba6220c94779ea299e13ccc60872bb4e51,true,false
keybase/client,shared/patches/react-native%2FReact%2FCxxBridge%2FRCTCxxBridge.mm.7684d1becdce42e44ebe5eb550bf9941,c998a4ba6220c94779ea299e13ccc60872bb4e51,true,false
keybase/client,shared/patches/react-native%2FReactCommon%2Fturbomodule%2Fcore%2Fplatform%2Fios%2FRCTTurboModuleManager.mm.86ddf34c54747757e14914e7698e4bb7,c998a4ba6220c94779ea299e13ccc60872bb4e51,true,false
keybase/client,shared/yarn.lock,c998a4ba6220c94779ea299e13ccc60872bb4e51,true,false
knative-sandbox/eventing-ceph,pkg/adapter/adapter.go,29c747a7afad16306ec209ad88f1f83d6e8e96e1,false,true
knative-sandbox/eventing-kafka,pkg/apis/messaging/v1beta1/kafka_channel_validation.go,90e6e62ccddb41a8b663aef316761d64cf7ed965,false,true
knative-sandbox/eventing-kafka,pkg/apis/messaging/v1beta1/kafka_channel_validation_test.go,90e6e62ccddb41a8b663aef316761d64cf7ed965,false,true
knative-sandbox/eventing-kafka-broker,control-plane/pkg/reconciler/trigger/controller.go,4e9ab1f39e7b1942f9603c8d29f368c4a3b5509a,true,false
knative-sandbox/eventing-kafka-broker,control-plane/pkg/reconciler/trigger/controller_test.go,4e9ab1f39e7b1942f9603c8d29f368c4a3b5509a,true,false
knative-sandbox/eventing-kafka-broker,vendor/knative.dev/eventing-kafka/pkg/apis/messaging/v1beta1/kafka_channel_validation.go,59aaa7807241a13bd18ccc3b9bec3918515dc27e,false,true
knative-sandbox/eventing-rabbitmq,cmd/dispatcher/main.go,5cfcc6686cecca509e1a5bf3955c7ffce9b5f61a,true,false
knative/eventing,config/core/resources/trigger.yaml,6c0ed2dd97a4bcb0f6968331ea4102a9f5e1088b,true,false
knative/eventing,test/rekt/features/broker/source_to_sink.go,6c0ed2dd97a4bcb0f6968331ea4102a9f5e1088b,true,false
knative/eventing,pkg/reconciler/parallel/parallel.go,830373d0a04dd12df3579ed3ff6b480e7da6b36b,true,false
knative/eventing,pkg/reconciler/parallel/parallel_test.go,830373d0a04dd12df3579ed3ff6b480e7da6b36b,true,false
knative/eventing,pkg/broker/ttl.go,a046d8d240957add29a0c4be76e04c1dc7d1599f,false,true
knative/operator,pkg/reconciler/common/ha.go,379140d9347c311415e96e558cf565a431ece604,true,false
knative/operator,pkg/reconciler/common/ha_test.go,379140d9347c311415e96e558cf565a431ece604,true,false
knative/pkg,apiextensions/storageversion/migrator_test.go,fa2f8f19557b7b5f505e20cd801bc8eb79ca22ef,true,false
knative/pkg,apis/duck/typed_test.go,fa2f8f19557b7b5f505e20cd801bc8eb79ca22ef,true,false
knative/pkg,injection/clients/dynamicclient/fake/fake.go,fa2f8f19557b7b5f505e20cd801bc8eb79ca22ef,true,false
kopia/kopia,cli/command_policy_set_scheduling.go,39a195c6f7d9828519bf824a15b9c13a2c0f2fda,true,false
kopia/kopia,cli/command_policy_set_test.go,39a195c6f7d9828519bf824a15b9c13a2c0f2fda,true,false
kopia/kopia,internal/epoch/epoch_manager_test.go,3a40cc621faf233a9eda88e88080ea4cc400d794,true,false
kopia/kopia,internal/retry/retry_test.go,b7a4fa56bf3ec7fbb42bbd89fd3f0b33a2ff6d5a,true,false
kopia/kopia,internal/parallelwork/parallel_work_queue.go,fba0956795c9b4c62d0b9cd2bb5f536876fd5fdd,true,false
kubeflow/internal-acls,github-orgs/manifests/validate_config.py,1271705b31c4b55b698e9f8df96142b662bfcc30,true,false
kubernetes-sigs/kustomize,Makefile,67c58ad4f4f19ee50a7de24efdaea86f59d8bc49,true,false
kubernetes-sigs/kustomize,api/krusty/openapicustomschema_test.go,67c58ad4f4f19ee50a7de24efdaea86f59d8bc49,true,false
kubernetes-sigs/kustomize,api/krusty/testdata/openshiftschema.json,67c58ad4f4f19ee50a7de24efdaea86f59d8bc49,true,false
kubernetes-sigs/kustomize,kyaml/openapi/openapi.go,67c58ad4f4f19ee50a7de24efdaea86f59d8bc49,true,false
kubernetes/client-go,dynamic/client_test.go,fa4ee2502f44a5007950ba61b28fa92e822db645,true,false
kubernetes/cloud-provider-openstack,pkg/csi/manila/controllerserver.go,4128209d8f6013137516cfe04a50ee45af6b9990,true,false
kubernetes/ingress-nginx,images/kube-webhook-certgen/rootfs/pkg/k8s/k8s.go,54523641a89a2b026180eb1e779152b8e939b11a,true,true
kubernetes/ingress-nginx,images/kube-webhook-certgen/rootfs/pkg/k8s/k8s_test.go,54523641a89a2b026180eb1e779152b8e939b11a,true,true
kubernetes/ingress-nginx,charts/ingress-nginx/templates/_params.tpl,5a52d99ae85cfe5ef9535291b8326b0006e75066,false,true
kubernetes/ingress-nginx,charts/ingress-nginx/templates/controller-daemonset.yaml,5a52d99ae85cfe5ef9535291b8326b0006e75066,false,true
kubernetes/ingress-nginx,internal/ingress/controller/controller.go,e8d914475910e6de6e2dc1977d22db0161eb96f4,true,false
kubernetes/kompose,script/test/fixtures/merge-multiple-compose/base.yml,a87dd945329a4f11f9dade9e568798983230f3c4,true,true
kubernetes/kompose,script/test/fixtures/merge-multiple-compose/compose-new-service-prob.yml,a87dd945329a4f11f9dade9e568798983230f3c4,true,true
kubernetes/kompose,script/test/fixtures/merge-multiple-compose/compose-port-base.yml,a87dd945329a4f11f9dade9e568798983230f3c4,true,true
kubernetes/kompose,script/test/fixtures/merge-multiple-compose/compose-port-prod.yml,a87dd945329a4f11f9dade9e568798983230f3c4,true,true
kubernetes/kompose,script/test/fixtures/merge-multiple-compose/dev.yml,a87dd945329a4f11f9dade9e568798983230f3c4,true,true
kubernetes/kompose,script/test/fixtures/merge-multiple-compose/first_config.txt,a87dd945329a4f11f9dade9e568798983230f3c4,true,true
kubernetes/kompose,script/test/fixtures/merge-multiple-compose/other-toplevel-base.yml,a87dd945329a4f11f9dade9e568798983230f3c4,true,true
kubernetes/kompose,script/test/fixtures/merge-multiple-compose/other-toplevel-dev.yml,a87dd945329a4f11f9dade9e568798983230f3c4,true,true
kubernetes/kompose,script/test/fixtures/merge-multiple-compose/other-toplevel-ext.yml,a87dd945329a4f11f9dade9e568798983230f3c4,true,true
kubernetes/kompose,script/test/fixtures/merge-multiple-compose/other-toplevel-override.yml,a87dd945329a4f11f9dade9e568798983230f3c4,true,true
kubernetes/kompose,script/test/fixtures/merge-multiple-compose/output-base-template.json,a87dd945329a4f11f9dade9e568798983230f3c4,true,true
kubernetes/kompose,script/test/fixtures/merge-multiple-compose/output-compose-new-service-template.json,a87dd945329a4f11f9dade9e568798983230f3c4,true,true
kubernetes/kompose,script/test/fixtures/merge-multiple-compose/output-compose-port-template.json,a87dd945329a4f11f9dade9e568798983230f3c4,true,true
kubernetes/kompose,script/test/fixtures/merge-multiple-compose/output-openshift-template.json,a87dd945329a4f11f9dade9e568798983230f3c4,true,true
kubernetes/kompose,script/test/fixtures/merge-multiple-compose/output-other-toplevel-merge-template.json,a87dd945329a4f11f9dade9e568798983230f3c4,true,true
kubernetes/kompose,script/test/fixtures/merge-multiple-compose/output-other-toplevel-override-template.json,a87dd945329a4f11f9dade9e568798983230f3c4,true,true
kubernetes/kompose,script/test/fixtures/merge-multiple-compose/output-service-merge-concat-template.json,a87dd945329a4f11f9dade9e568798983230f3c4,true,true
kubernetes/kompose,script/test/fixtures/merge-multiple-compose/second_config.txt,a87dd945329a4f11f9dade9e568798983230f3c4,true,true
kubernetes/kompose,script/test/fixtures/merge-multiple-compose/service-merge-concat-base.yml,a87dd945329a4f11f9dade9e568798983230f3c4,true,true
kubernetes/kompose,script/test/fixtures/merge-multiple-compose/service-merge-concat-override.yml,a87dd945329a4f11f9dade9e568798983230f3c4,true,true
kubernetes/kompose,script/test/fixtures/multiple-compose-files/docker-k8s.yml,a87dd945329a4f11f9dade9e568798983230f3c4,true,true
kubernetes/kompose,script/test/fixtures/multiple-compose-files/docker-os.yml,a87dd945329a4f11f9dade9e568798983230f3c4,true,true
kubernetes/kompose,script/test/fixtures/multiple-compose-files/output-k8s-template.json,a87dd945329a4f11f9dade9e568798983230f3c4,true,true
kubernetes/kompose,script/test/fixtures/multiple-compose-files/output-os-template.json,a87dd945329a4f11f9dade9e568798983230f3c4,true,true
kubernetes/kompose,script/test/fixtures/multiple-files/first.yaml,a87dd945329a4f11f9dade9e568798983230f3c4,true,true
kubernetes/kompose,script/test/fixtures/multiple-files/output-k8s.json,a87dd945329a4f11f9dade9e568798983230f3c4,true,true
kubernetes/kompose,script/test/fixtures/multiple-files/output-ocp.json,a87dd945329a4f11f9dade9e568798983230f3c4,true,true
kubernetes/kompose,script/test/fixtures/multiple-files/second.yaml,a87dd945329a4f11f9dade9e568798983230f3c4,true,true
kubernetes/kompose,script/test/fixtures/unused/merge-multiple-compose/base.yml,a87dd945329a4f11f9dade9e568798983230f3c4,true,true
kubernetes/kompose,script/test/fixtures/unused/merge-multiple-compose/compose-new-service-prob.yml,a87dd945329a4f11f9dade9e568798983230f3c4,true,true
kubernetes/kompose,script/test/fixtures/unused/merge-multiple-compose/compose-port-base.yml,a87dd945329a4f11f9dade9e568798983230f3c4,true,true
kubernetes/kompose,script/test/fixtures/unused/merge-multiple-compose/compose-port-prod.yml,a87dd945329a4f11f9dade9e568798983230f3c4,true,true
kubernetes/kompose,script/test/fixtures/unused/merge-multiple-compose/dev.yml,a87dd945329a4f11f9dade9e568798983230f3c4,true,true
kubernetes/kompose,script/test/fixtures/unused/merge-multiple-compose/first_config.txt,a87dd945329a4f11f9dade9e568798983230f3c4,true,true
kubernetes/kompose,script/test/fixtures/unused/merge-multiple-compose/other-toplevel-base.yml,a87dd945329a4f11f9dade9e568798983230f3c4,true,true
kubernetes/kompose,script/test/fixtures/unused/merge-multiple-compose/other-toplevel-dev.yml,a87dd945329a4f11f9dade9e568798983230f3c4,true,true
kubernetes/kompose,script/test/fixtures/unused/merge-multiple-compose/other-toplevel-ext.yml,a87dd945329a4f11f9dade9e568798983230f3c4,true,true
kubernetes/kompose,script/test/fixtures/unused/merge-multiple-compose/other-toplevel-override.yml,a87dd945329a4f11f9dade9e568798983230f3c4,true,true
kubernetes/kompose,script/test/fixtures/unused/merge-multiple-compose/output-base-template.json,a87dd945329a4f11f9dade9e568798983230f3c4,true,true
kubernetes/kompose,script/test/fixtures/unused/merge-multiple-compose/output-compose-new-service-template.json,a87dd945329a4f11f9dade9e568798983230f3c4,true,true
kubernetes/kompose,script/test/fixtures/unused/merge-multiple-compose/output-compose-port-template.json,a87dd945329a4f11f9dade9e568798983230f3c4,true,true
kubernetes/kompose,script/test/fixtures/unused/merge-multiple-compose/output-openshift-template.json,a87dd945329a4f11f9dade9e568798983230f3c4,true,true
kubernetes/kompose,script/test/fixtures/unused/merge-multiple-compose/output-other-toplevel-merge-template.json,a87dd945329a4f11f9dade9e568798983230f3c4,true,true
kubernetes/kompose,script/test/fixtures/unused/merge-multiple-compose/output-other-toplevel-override-template.json,a87dd945329a4f11f9dade9e568798983230f3c4,true,true
kubernetes/kompose,script/test/fixtures/unused/merge-multiple-compose/output-service-merge-concat-template.json,a87dd945329a4f11f9dade9e568798983230f3c4,true,true
kubernetes/kompose,script/test/fixtures/unused/merge-multiple-compose/second_config.txt,a87dd945329a4f11f9dade9e568798983230f3c4,true,true
kubernetes/kompose,script/test/fixtures/unused/merge-multiple-compose/service-merge-concat-base.yml,a87dd945329a4f11f9dade9e568798983230f3c4,true,true
kubernetes/kompose,script/test/fixtures/unused/merge-multiple-compose/service-merge-concat-override.yml,a87dd945329a4f11f9dade9e568798983230f3c4,true,true
kubernetes/kubectl,pkg/cmd/cmd_test.go,a8d3024f1144e77593d35c3f46ce4fd09c83de96,true,false
kubernetes/kubectl,pkg/cmd/set/helper.go,e14545a096d61aed5e9440b5c09d59ef603b440a,true,false
kubernetes/kubectl,pkg/cmd/set/helper_test.go,e14545a096d61aed5e9440b5c09d59ef603b440a,true,false
kubernetes/kubernetes,pkg/volume/csi/csi_mounter.go,30a32a39a4924c481b1e1c26f3d782f2e02ab014,true,false
kubernetes/kubernetes,staging/src/k8s.io/apimachinery/pkg/apis/meta/v1/unstructured/helpers.go,3f40906dd8a54fb91650553a6457496181f591bc,true,false
kubernetes/kubernetes,staging/src/k8s.io/kubectl/pkg/cmd/set/helper.go,99ad41412754c6036460d3d9295db4e0e72eb688,true,false
kubernetes/kubernetes,staging/src/k8s.io/kubectl/pkg/cmd/set/helper_test.go,99ad41412754c6036460d3d9295db4e0e72eb688,true,false
kubernetes/kubernetes,staging/src/k8s.io/client-go/dynamic/client_test.go,a78e3133a0d0401fa592ae1c4a1daf4e30e2efdf,true,false
kubernetes/kubernetes,pkg/controller/volume/persistentvolume/binder_test.go,baaa53db64aa703e75610fb773ed5278f1c202a1,true,false
kubernetes/kubernetes,pkg/controller/volume/persistentvolume/pv_controller.go,baaa53db64aa703e75610fb773ed5278f1c202a1,true,false
kubernetes/kubernetes,hack/verify-shellcheck.sh,c2bff66b956b650d56f30afd642d2131cedc00be,true,false
kubernetes/kubernetes,pkg/controller/endpointslice/topologycache/topologycache.go,c54ed73f9a7fdf9f94f169cf5a00a6b1cb7abe3f,true,false
kubernetes/kubernetes,pkg/controller/endpointslice/topologycache/topologycache_test.go,c54ed73f9a7fdf9f94f169cf5a00a6b1cb7abe3f,true,false
kubernetes/kubernetes,pkg/controller/nodelifecycle/scheduler/timed_workers.go,c724abae81accb1a2323c32fed2f3605e886f2a1,true,true
kubernetes/kubernetes,pkg/controller/nodelifecycle/scheduler/timed_workers_test.go,c724abae81accb1a2323c32fed2f3605e886f2a1,true,true
kubernetes/kubernetes,pkg/kubelet/cm/memorymanager/policy_static.go,c91f9bdc6096978719ebf999c3bb7f72e3a0a3a0,true,false
kubernetes/kubernetes,pkg/kubelet/cm/memorymanager/policy_static_test.go,c91f9bdc6096978719ebf999c3bb7f72e3a0a3a0,true,false
kubernetes/kubernetes,staging/src/k8s.io/kubectl/pkg/cmd/cmd_test.go,dbd8d3bcd620037b5262eed1778f0784b49e55bc,true,false
kubernetes/minikube,pkg/minikube/cni/cilium.go,029a9d1700eae8356536fe5e0e9f3a60b94621d4,true,false
kythe/kythe,kythe/cxx/indexer/cxx/KytheGraphObserver.cc,1d854665e5f186f5808729908fae4a6b9388f14d,true,false
kythe/kythe,kythe/cxx/indexer/cxx/testdata/df/df_unary.cc,1d854665e5f186f5808729908fae4a6b9388f14d,true,false
kythe/kythe,kythe/go/platform/kzip/info/info.go,6523de8091f1181287153d2113ea1cd92c92c656,true,false
kythe/kythe,kythe/go/platform/kzip/info/info_test.go,6523de8091f1181287153d2113ea1cd92c92c656,true,false
kythe/kythe,kythe/release/bazel_rust_extractor_script.sh,dc48ca9746269abe5779a8d4e58d5e91bf7f00aa,true,false
kythe/kythe,kythe/release/release.BUILD,dc48ca9746269abe5779a8d4e58d5e91bf7f00aa,true,false
libopenstorage/openstorage,cluster/manager/manager.go,0cc526821f5dd9e3b9bebfeca60a785f0723401b,true,false
libp2p/go-libp2p,p2p/protocol/holepunch/coordination.go,7d06b23cef40c82e025436d5ea5bfec4180e7844,true,false
linuxdeepin/dde-daemon,system/network/network.go,26660a4f40119f68fcf960b6ce21d09bc2e27f50,true,false
linuxdeepin/dde-daemon,network/manager_device.go,411884589043313155361792cd230d146f85ff10,true,false
linuxdeepin/dde-daemon,accounts/manager_ifc.go,c2531466bb6da0c386edbe226b39d29960d95477,true,false
linuxdeepin/dde-daemon,bin/dde-session-daemon/daemon.go,dc659ebe41e226f68d1c33e41ee2cadcbf697b59,true,false
linuxdeepin/dde-daemon,network/utils_dbus_nm.go,fcf09df1aec178990b0812248b2baa088d7c89c5,true,false
linuxdeepin/startdde,display/manager_test.go,02a55eec49da727b76c869c27e7970836d28ff23,true,false
livepeer/go-livepeer,common/db.go,f3b52b79202c4b9ce38476c7c9c4d3e1cdee4ca0,false,true
livepeer/go-livepeer,common/db_test.go,f3b52b79202c4b9ce38476c7c9c4d3e1cdee4ca0,false,true
luci/luci-go,milo/frontend/appengine/cron.yaml,0735ff0e9591cf76b553e0d9a8024f6ee666776f,true,true
luci/luci-go,resultdb/internal/main.go,26c2d4e77475d1577c2403bd609fa49182d46065,true,true
luci/luci-go,cv/README.md,27d31b156c950e90bcc72da3b75a66d678e830f2,true,false
luci/luci-go,lucicfg/starlark/stdlib/internal/luci/rules/cq_group.star,27d31b156c950e90bcc72da3b75a66d678e830f2,true,false
luci/luci-go,auth_service/impl/service.go,35aaaaddbef95af73d7d030d00ff5944bcff5c35,true,false
luci/luci-go,tools/cmd/fakecas/main.go,436e1fde2f33803746135c80cfb0ff305e15b872,true,false
luci/luci-go,lucicfg/testdata/full_example.star,4f912a1aeedc2a72568596d69365c02a60eb1054,true,true
luci/luci-go,lucicfg/testdata/misc/bare_milo.star,4f912a1aeedc2a72568596d69365c02a60eb1054,true,true
luci/luci-go,server/secrets/utils.go,5ef39d55be779cea32994a59773ba327081036d8,true,false
luci/luci-go,server/secrets/utils_test.go,5ef39d55be779cea32994a59773ba327081036d8,true,false
luci/luci-go,cv/internal/aggrmetrics/driver_test.go,63c58fe20f9ff79901cd2a5f8bbf25e6e3508a72,true,false
luci/luci-go,cv/internal/aggrmetrics/runs_test.go,63c58fe20f9ff79901cd2a5f8bbf25e6e3508a72,true,false
luci/luci-go,common/tsmon/monitor/serialize_test.go,662ab429f3d97dadf7c0325ddf825259b901fa4a,true,true
luci/luci-go,common/tsmon/target/populate.go,662ab429f3d97dadf7c0325ddf825259b901fa4a,true,true
luci/luci-go,cv/internal/changelist/access.go,6df39166fe852ec6eadb38d38b59a79449702cde,true,false
luci/luci-go,milo/frontend/resultui/src/libs/utils.ts,7ecd1a9d49ca72bc8a3f6cae9af025b135714c00,true,false
luci/luci-go,auth_service/services/frontend/templates/pages/index.html,8e1efbc3d9fcb8d793f04798281fc53329e3a8a5,true,false
luci/luci-go,cv/internal/gerrit/mirror.go,9b56846c63b4a5fafa274d90769b0eaf2ffd9cf2,true,false
luci/luci-go,vpython/spec/spec.go,ee1f0a4d96b1ed901b0d60168c749081b597db2c,true,false
luci/luci-go,vpython/spec/spec_test.go,ee1f0a4d96b1ed901b0d60168c749081b597db2c,true,false
micro/micro,cmd/cli/run/service.go,433c1db92d67e05a994124d79c6c5c0f2cc3fcd8,false,true
miku/span,cmd/span-crossref-snapshot/main.go,eac5ee9baaf0624c91cc2f5313f8037a3d9677d3,false,true
minio/mc,cmd/legalhold-main.go,6047ef858aed334051341bbf31aead1e25b23aff,true,false
minio/mc,.github/workflows/go.yml,6b329ce01fee1f2983ba1d65a60e7f31686051e2,true,false
minio/mc,cmd/rb-main.go,6b329ce01fee1f2983ba1d65a60e7f31686051e2,true,false
minio/mc,testdata/localhost.crt,6b329ce01fee1f2983ba1d65a60e7f31686051e2,true,false
minio/mc,testdata/localhost.key,6b329ce01fee1f2983ba1d65a60e7f31686051e2,true,false
minio/mc,pkg/disk/stat_other.go,b880f099313c62b3e5dff2cf7e8d6f1b102b3e1c,true,false
minio/minio,cmd/bucket-quota.go,02c24a860dbf216e0393b69cec23b5761af575ba,true,false
minio/minio,internal/bucket/lifecycle/lifecycle_test.go,45d145a823a72f8da718e8b2256db8a3942851e5,true,false
minio/minio,cmd/bucket-replication-utils.go,72a17bdd7611e71c30d2d89271385da75977b7c2,true,false
minio/minio,cmd/s3-zip-handlers.go,76239fa1ae58041fdb4eea5911ec1d38ed6ac83b,true,false
minio/minio,internal/event/target/mysql.go,91a0e7bdaa75b51ebbf06502ea0fd035b42ddee5,true,false
minio/minio,internal/event/target/elasticsearch.go,9f652708eed9219936ce5270dbbbb830a189bda6,true,false
minio/minio,internal/config/identity/ldap/config.go,cb2c2905c5c6182920003f1dfc1ae281d187ba0b,true,false
minio/minio,cmd/xl-storage_test.go,f5a55c44d41362c3061c94f149031869f1a82bb1,true,false
minio/minio,cmd/etcd.go,feabd0430cafad95507f506da9d766db1c67e6cd,true,false
minio/minio-go,utils.go,56f3625bd90b6a3bf44559258307b8d2f5a5047c,true,false
moby/moby,pkg/plugins/plugins.go,4283e93e6431c5ff6d59aed2104f0942ae40c838,true,false
nuclio/nuclio,pkg/platform/local/platform.go,3912235b1596d2972aee0352d4e948013e194f9f,true,false
nuclio/nuclio,pkg/processor/runtime/rpc/abstract.go,4b900207d840661fb51461c1ad9f52606d67dad8,true,false
oliver006/redis_exporter,main.go,df6f98b7c70db9d5598b5f001676da4b08dc7726,true,false
olivere/elastic,nodes_stats.go,63281fa70d8c5da21789116ccc7c4bf759631c0a,true,false
open-policy-agent/opa,test/cases/testdata/virtualdocs/test-virtualdocs-undefined.yaml,4c6d79180981cf47b99b69d3005ae408b1e0aaf6,true,false
open-policy-agent/opa,types/types.go,5263d63271fd4410d540ab8ff47a220b7de8b9d1,true,true
open-policy-agent/opa,storage/disk/txn.go,528836a7d6ed07cafbb5e32d8df5dce4f2483ef0,true,false
open-policy-agent/opa,storage/disk/txn_test.go,528836a7d6ed07cafbb5e32d8df5dce4f2483ef0,true,false
open-policy-agent/opa,internal/config/config_test.go,62e9bab0a51ca13eff87569176a34c8664feba54,true,false
open-policy-agent/opa,internal/strvals/parser.go,62e9bab0a51ca13eff87569176a34c8664feba54,true,false
open-policy-agent/opa,internal/strvals/parser_test.go,62e9bab0a51ca13eff87569176a34c8664feba54,true,false
open-policy-agent/opa,internal/merge/merge.go,68d3bc35fc217d79ce4e9c2dee194ec87c0a6468,true,true
open-policy-agent/opa,internal/merge/merge_test.go,68d3bc35fc217d79ce4e9c2dee194ec87c0a6468,true,true
open-policy-agent/opa,ast/term_bench_test.go,b5e7139a1140bcc6a3b0f38175d8dc2520797558,true,false
open-policy-agent/opa,capabilities/v0.33.1.json,b5e7139a1140bcc6a3b0f38175d8dc2520797558,true,false
open-policy-agent/opa,format/testfiles/test_issue_3849.rego,b5e7139a1140bcc6a3b0f38175d8dc2520797558,true,false
open-policy-agent/opa,format/testfiles/test_issue_3849.rego.formatted,b5e7139a1140bcc6a3b0f38175d8dc2520797558,true,false
open-policy-agent/opa,build/changelog.py,d25838df74570b2b345e6a94b1593b02b98f34da,true,false
open-policy-agent/opa,test/cases/testdata/functionerrors/test-functionerrors-1012.yaml,dc2019de571666e87891381c2ac7cd4f9ae9f916,true,false
opencontainers/runc,libcontainer/cgroups/systemd/v2.go,c670691ee8cc870f47b2d98b96f5180e332b1a84,true,false
opencontainers/runc,libcontainer/cgroups/fs/devices.go,d8a3446acd13b864c92c3fb4b1208c7b121b38e4,false,true
opencontainers/runc,libcontainer/cgroups/fs/devices_test.go,d8a3446acd13b864c92c3fb4b1208c7b121b38e4,false,true
openshift/source-to-image,pkg/util/fs/fs.go,31e63d72bbeaee5cf825ee71136ef8eced146957,true,false
ory/hydra,oauth2/fosite_store_helpers.go,5881c1368b20fa7cd27e0142dcc6816ce96198e6,true,false
osrg/gobgp,pkg/server/server.go,a40bc53502bbc6646c85842c07e2c6288e3b27ae,true,false
ovh/cds,contrib/integrations/artifactory/plugin-artifactory-build-info/plugin-artifactory-build-info.yml,156adb11c22991705621c699495102705484e145,true,false
ovh/cds,contrib/integrations/artifactory/plugin-artifactory-download-artifact/plugin-artifactory-download-artifact.yml,156adb11c22991705621c699495102705484e145,true,false
ovh/cds,contrib/integrations/artifactory/plugin-artifactory-promote/plugin-artifactory-promote.yml,156adb11c22991705621c699495102705484e145,true,false
ovh/cds,contrib/integrations/artifactory/plugin-artifactory-release/plugin-artifactory-release.yml,156adb11c22991705621c699495102705484e145,true,false
ovh/cds,contrib/integrations/artifactory/plugin-artifactory-upload-artifact/plugin-artifactory-upload-artifact.yml,156adb11c22991705621c699495102705484e145,true,false
ovh/cds,contrib/integrations/arsenal/plugin-arsenal/Makefile,1cfdf9d40e761bc263af6e37205fb9f45f1e0a3a,true,false
ovh/cds,contrib/integrations/artifactory/plugin-artifactory-build-info/Makefile,1cfdf9d40e761bc263af6e37205fb9f45f1e0a3a,true,false
ovh/cds,contrib/integrations/artifactory/plugin-artifactory-download-artifact/Makefile,1cfdf9d40e761bc263af6e37205fb9f45f1e0a3a,true,false
ovh/cds,contrib/integrations/artifactory/plugin-artifactory-promote/Makefile,1cfdf9d40e761bc263af6e37205fb9f45f1e0a3a,true,false
ovh/cds,contrib/integrations/artifactory/plugin-artifactory-release/Makefile,1cfdf9d40e761bc263af6e37205fb9f45f1e0a3a,true,false
ovh/cds,contrib/integrations/artifactory/plugin-artifactory-upload-artifact/Makefile,1cfdf9d40e761bc263af6e37205fb9f45f1e0a3a,true,false
ovh/cds,contrib/integrations/hello/plugin-hello-deployment/Makefile,1cfdf9d40e761bc263af6e37205fb9f45f1e0a3a,true,false
ovh/cds,contrib/integrations/kubernetes/plugin-kubernetes/Makefile,1cfdf9d40e761bc263af6e37205fb9f45f1e0a3a,true,false
ovh/cds,contrib/integrations/kubernetes/plugin-kubernetes/main.go,1cfdf9d40e761bc263af6e37205fb9f45f1e0a3a,true,false
ovh/cds,engine/repositories/processor_push.go,90a718761269d944826c1971fe460848c5548876,true,false
ovh/cds,engine/api/repositoriesmanager/repositories_manager.go,e47639283cb9fa5b66a55def41f2a2049428f92b,true,false
pingcap/tidb,checkout-pr-branch.sh,2edce054a90423ea47e9eae90e09f970cc90c50d,false,true
pingcap/tidb,cmd/explaintest/r/explain_easy.result,4b4984e6ccfd33ba929468a5d455b524eb35f863,false,true
pingcap/tidb,planner/core/testdata/plan_suite_in.json,4b4984e6ccfd33ba929468a5d455b524eb35f863,false,true
pingcap/tidb,store/driver/error/error.go,a0df2353ddf0257b5d658d345bde71f9c0dd1f9f,true,false
pingcap/tidb,store/driver/error/error_test.go,a0df2353ddf0257b5d658d345bde71f9c0dd1f9f,true,false
pingcap/tidb,util/topsql/tracecpu/main_test.go,ce2c45b40a38f53aa717596c0bdb85099a019f4d,true,false
pingcap/tidb,util/topsql/tracecpu/profile.go,ce2c45b40a38f53aa717596c0bdb85099a019f4d,true,false
pingcap/tidb,planner/core/partition_pruner_test.go,fdcf122f01ddc463c4378ae8119feb52235fa3c8,true,false
prebid/prebid-server,adapters/visx/visx.go,f438793ef705fe00b4fc2dfd6ae33e46b02814e2,true,false
prebid/prebid-server,adapters/visx/visxtest/exemplary/multitype-banner-response.json,f438793ef705fe00b4fc2dfd6ae33e46b02814e2,true,false
prebid/prebid-server,adapters/visx/visxtest/exemplary/multitype-video-response.json,f438793ef705fe00b4fc2dfd6ae33e46b02814e2,true,false
projectcalico/felix,bpf/proxy/syncer.go,7c83a1e3ca88691f999f2df2383e7dc514b7fec2,true,false
projectcalico/felix,bpf/proxy/syncer_test.go,7c83a1e3ca88691f999f2df2383e7dc514b7fec2,true,false
prometheus/node_exporter,collector/fixtures/textfile/different_metric_types.out,1721de0c38fa0128f3ecd6d13e33c43f6953ec7e,false,true
prometheus/node_exporter,collector/fixtures/textfile/glob_extra_dimension.out,1721de0c38fa0128f3ecd6d13e33c43f6953ec7e,false,true
prometheus/node_exporter,collector/fixtures/textfile/histogram.out,1721de0c38fa0128f3ecd6d13e33c43f6953ec7e,false,true
prometheus/node_exporter,collector/fixtures/textfile/histogram_extra_dimension.out,1721de0c38fa0128f3ecd6d13e33c43f6953ec7e,false,true
prometheus/node_exporter,collector/fixtures/textfile/inconsistent_metrics.out,1721de0c38fa0128f3ecd6d13e33c43f6953ec7e,false,true
prometheus/node_exporter,collector/fixtures/textfile/summary.out,1721de0c38fa0128f3ecd6d13e33c43f6953ec7e,false,true
prometheus/node_exporter,collector/fixtures/textfile/summary_extra_dimension.out,1721de0c38fa0128f3ecd6d13e33c43f6953ec7e,false,true
prometheus/node_exporter,collector/fixtures/textfile/two_metric_files.out,1721de0c38fa0128f3ecd6d13e33c43f6953ec7e,false,true
prometheus/node_exporter,collector/textfile_test.go,1721de0c38fa0128f3ecd6d13e33c43f6953ec7e,false,true
prometheus/node_exporter,.golangci.yml,421fc429f346d3046d698dede400a38465ddba60,false,true
prometheus/node_exporter,docs/node-mixin/go.mod,421fc429f346d3046d698dede400a38465ddba60,false,true
prometheus/node_exporter,docs/node-mixin/go.sum,421fc429f346d3046d698dede400a38465ddba60,false,true
prometheus/prometheus,tsdb/head_append.go,8c3eca84db3b2feae44fac43fc918cc69fad07ec,true,false
prometheus/prometheus,scrape/scrape_test.go,c890ea407f0cc3a100330833a83e5d1e0cd34490,true,false
rook/rook,pkg/operator/ceph/object/spec.go,0e40d6d9a8670a3ae57c8adee522c88e892b349a,true,false
rook/rook,pkg/operator/k8sutil/network.go,720a96e0cd97887d59bd5adfa06be05527a222c5,false,true
shazow/ssh-chat,sshd/terminal/terminal.go,0eebb64c1d651a536e2488b5e7be9b8511e6e43c,true,false
shazow/ssh-chat,chat/command.go,d25630020d29306cd509c74bc3ede1d076124841,true,false
shazow/ssh-chat,chat/command_test.go,d25630020d29306cd509c74bc3ede1d076124841,true,false
shazow/ssh-chat,cmd/ssh-chat/cmd.go,db14517499e54d306986a5f1c9e021ff14beaef5,true,false
stripe/stripe-go,error.go,0887a2ae3c4749247301101ea850f090370ecf2f,true,false
syncthing/syncthing,lib/model/indexhandler.go,517667c5902d34e13a5ec2e203d237a1a2c699b2,true,false
syncthing/syncthing,lib/protocol/encryption.go,c94b797f000333256058b08aeb573d45055a9b99,true,false
syncthing/syncthing,build.go,e557ba82e7b624f8d0547dde0f2ec87d13a4099b,true,false
tdewolff/parse,js/js_test.go,8fa0a110fcf2ec36fdeeb8ba6f6d1c592b8c5530,true,false
tdewolff/parse,js/parse.go,8fa0a110fcf2ec36fdeeb8ba6f6d1c592b8c5530,true,false
tektoncd/pipeline,pkg/pipelinerunmetrics/metrics_test.go,0299c6c2c35b809f903e2dbb287047977e60cbcc,true,false
tendermint/tendermint,libs/bits/bit_array.go,05245586967e3064fffcecc75d4035e4249d792e,false,true
tendermint/tendermint,scripts/authors.sh,c201e3b54d7db677febe759b4e4121135c087871,true,false
u-root/u-root,pkg/boot/netboot/netboot.go,057d9267fde0a6c43123c30a7d4d4f6c55cb68e1,false,true
u-root/u-root,pkg/pci/devices.go,4c72658e6b9573db117be15516d6320884270869,false,true
u-root/u-root,pkg/boot/fit/vfit.go,67f0c0f77a070eca2494e3605ed33ee045c4a307,true,false
valyala/fasthttp,http.go,528dd6223902bf7b933dc03bcd2a848b54f77c00,true,true
valyala/fasthttp,uri.go,ad6d128614269a4d621e74b3d8cd31d9f549583e,true,true
valyala/fasthttp,uri_test.go,ad6d128614269a4d621e74b3d8cd31d9f549583e,true,true
vmware/govmomi,guest/file_manager.go,798b727e5c8c87f596a66b539fb3997c8115990f,true,false
vmware/govmomi,guest/file_manager_test.go,798b727e5c8c87f596a66b539fb3997c8115990f,true,false
wader/ydls,cmd/ydls/main.go,030c7de6658c7c4229428f8baab4fd81141feb6e,true,false
wader/ydls,_dev/update.sh,cb9c2110162c02d8243933838e4c7adb2b892123,false,true
xyproto/algernon,engine/lua.go,94a026e2360c6a94c22dfeec2e2c6b6c19537bcd,false,true
zrepl/zrepl,daemon/job/snapjob.go,845195b7ed4ac5dcdaaf7469ea136637e2e92b1e,true,false
